2911;2018;1;6000;1
2988;2018;1;40900;1
2989;2018;1;0;3
2990;2018;1;72400;1
2991;2018;1;21000;1
2992;2018;1;5000;1
1603;2018;1;9500;1
1604;2018;1;20000;1
1605;2018;1;18000;3
1700;2018;1;38000;1
1701;2018;1;0;1
1702;2018;1;0;1
1703;2018;1;0;1
1704;2018;1;100000;1
1793;2018;1;54000;1
1794;2018;1;23000;1
1795;2018;1;0;1
1796;2018;1;30000;1
1797;2018;1;30000;1
1798;2018;1;30000;1
1799;2018;1;31000;1
1883;2018;1;0;3
1884;2018;1;0;1
1885;2018;1;19000;1
1886;2018;1;0;1
3242;2018;1;0;2
3243;2018;1;4800;2
3244;2018;1;0;1
3245;2018;1;19200;2
3263;2018;1;0;1
3264;2018;1;0;1
3265;2018;1;10000;2
3266;2018;1;0;1
3267;2018;1;0;2
3268;2018;1;70000;2
3283;2018;1;20000;2
3284;2018;1;10000;2
3285;2018;1;0;3
3286;2018;1;0;1
3287;2018;1;23000;2
3288;2018;1;0;1
3289;2018;1;30000;1
3290;2018;1;0;1
3291;2018;1;0;1
3292;2018;1;45000;2
3311;2018;1;20000;2
3312;2018;1;58000;1
3313;2018;1;20000;1
3314;2018;1;80000;1
3315;2018;1;48000;1
1545;2018;1;0;1
1546;2018;1;20000;1
1547;2018;1;17400;1
1548;2018;1;16000;2
1549;2018;1;6000;1
1550;2018;1;39000;1
1551;2018;1;70000;1
1647;2018;1;0;2
1648;2018;1;35600;2
1649;2018;1;0;2
1650;2018;1;94000;2
1651;2018;1;8400;2
1652;2018;1;30000;2
1653;2018;1;0;2
1654;2018;1;30500;2
1741;2018;1;0;1
1742;2018;1;18000;2
1743;2018;1;8000;1
1744;2018;1;80000;1
1745;2018;1;9000;2
1746;2018;1;0;1
1747;2018;1;0;1
1748;2018;1;77000;2
1749;2018;1;70000;1
1842;2018;1;50000;1
2607;2018;1;23500;1
2705;2018;1;10000;1
2706;2018;1;0;3
2707;2018;1;8000;1
2708;2018;1;2000;1
2709;2018;1;32200;1
2794;2018;1;37000;1
2795;2018;1;0;1
2796;2018;1;26000;2
2797;2018;1;10000;1
2798;2018;1;0;1
2799;2018;1;0;1
2800;2018;1;10000;1
2886;2018;1;8000;1
2887;2018;1;12000;1
2888;2018;1;0;1
2889;2018;1;62000;2
2970;2018;1;0;1
2971;2018;1;0;2
2972;2018;1;0;3
2973;2018;1;0;1
2974;2018;1;0;1
2975;2018;1;50000;2
2976;2018;1;15000;3
1574;2018;1;28300;1
1887;2018;1;0;1
1986;2018;1;15000;3
1987;2018;1;0;1
1988;2018;1;15000;1
1989;2018;1;12000;1
2078;2018;1;0;3
2079;2018;1;14000;1
2080;2018;1;4000;2
2081;2018;1;22000;1
2082;2018;1;3400;1
2083;2018;1;38000;1
2172;2018;1;12500;3
2173;2018;1;16000;2
2174;2018;1;4400;1
2175;2018;1;3500;1
2176;2018;1;0;3
2177;2018;1;4000;1
2257;2018;1;33000;2
2258;2018;1;0;1
2259;2018;1;4800;3
2260;2018;1;8200;1
2340;2018;1;0;1
2341;2018;1;0;3
2342;2018;1;28100;1
2343;2018;1;53000;1
3316;2018;1;0;1
3317;2018;1;120000;1
3340;2018;1;0;1
3341;2018;1;0;3
3342;2018;1;0;1
3343;2018;1;38000;1
3367;2018;1;17000;1
3368;2018;1;0;1
3369;2018;1;250000;1
3370;2018;1;15000;1
3371;2018;1;0;1
3372;2018;1;0;1
3373;2018;1;0;1
3374;2018;1;130000;1
3375;2018;1;27700;2
3402;2018;1;25000;2
3403;2018;1;30000;2
3404;2018;1;0;1
3405;2018;1;0;3
3406;2018;1;30000;2
3407;2018;1;0;1
3408;2018;1;0;1
3409;2018;1;6500;2
3041;2018;1;0;3
3042;2018;1;0;1
1843;2018;1;25000;1
1844;2018;1;28000;2
1845;2018;1;43200;2
1846;2018;1;11000;1
1847;2018;1;0;1
1929;2018;1;32000;2
1930;2018;1;16500;1
1931;2018;1;27000;2
1932;2018;1;50000;1
1933;2018;1;1600;1
1934;2018;1;50000;1
1935;2018;1;49000;2
1936;2018;1;0;2
1937;2018;1;0;1
2033;2018;1;31000;2
2034;2018;1;0;1
2035;2018;1;0;1
2036;2018;1;13200;2
2037;2018;1;0;1
2038;2018;1;26400;2
2124;2018;1;24000;1
2125;2018;1;0;1
2126;2018;1;0;1
2127;2018;1;50000;2
2128;2018;1;32000;1
1575;2018;1;0;1
1576;2018;1;43000;2
1577;2018;1;6000;2
1578;2018;1;0;1
1579;2018;1;12000;1
1671;2018;1;0;1
1672;2018;1;0;2
1673;2018;1;0;1
1674;2018;1;12000;1
1675;2018;1;0;1
1676;2018;1;6000;1
1677;2018;1;8000;2
1678;2018;1;20000;1
1772;2018;1;33000;1
1773;2018;1;22000;1
1774;2018;1;0;1
1775;2018;1;55000;1
1776;2018;1;24500;1
1777;2018;1;0;1
1862;2018;1;0;1
1863;2018;1;0;1
1864;2018;1;0;1
1865;2018;1;0;1
1866;2018;1;33000;3
1867;2018;1;22000;1
2344;2018;1;37800;1
2441;2018;1;0;1
2442;2018;1;0;1
2443;2018;1;0;1
2444;2018;1;0;1
2445;2018;1;0;1
2446;2018;1;0;2
2447;2018;1;4000;1
2537;2018;1;13000;3
2538;2018;1;24300;1
2539;2018;1;28000;2
2540;2018;1;16000;1
2541;2018;1;15000;1
2632;2018;1;18600;1
2633;2018;1;12000;3
2634;2018;1;35000;1
2635;2018;1;5000;1
2731;2018;1;13000;2
2732;2018;1;0;2
2733;2018;1;8000;1
2734;2018;1;0;3
2735;2018;1;0;1
2736;2018;1;29000;2
2819;2018;1;22000;1
2820;2018;1;0;1
3043;2018;1;0;1
3044;2018;1;12000;2
3045;2018;1;0;1
3046;2018;1;32400;2
3047;2018;1;24700;2
3068;2018;1;37000;1
3069;2018;1;0;1
3070;2018;1;0;1
3071;2018;1;15000;1
3072;2018;1;0;2
3073;2018;1;0;1
3074;2018;1;30000;1
3089;2018;1;0;1
3090;2018;1;120000;1
3091;2018;1;30000;2
3092;2018;1;28972;1
3093;2018;1;0;1
3094;2018;1;0;1
3095;2018;1;25000;2
3096;2018;1;38000;3
3113;2018;1;60000;1
3114;2018;1;8000;3
3115;2018;1;7200;1
3116;2018;1;0;1
3117;2018;1;22000;1
2129;2018;1;0;2
2130;2018;1;135000;1
2131;2018;1;18000;1
2221;2018;1;50000;2
2222;2018;1;0;1
2223;2018;1;68000;1
2224;2018;1;8000;1
2225;2018;1;0;1
2302;2018;1;57000;2
2303;2018;1;0;1
2304;2018;1;0;1
2305;2018;1;65000;2
2306;2018;1;0;2
2307;2018;1;0;1
2308;2018;1;0;1
2388;2018;1;0;1
2389;2018;1;25000;2
2390;2018;1;8000;1
2391;2018;1;10000;2
2392;2018;1;0;1
2393;2018;1;0;1
2394;2018;1;50000;1
2395;2018;1;70000;1
2396;2018;1;7000;1
2397;2018;1;0;1
1960;2018;1;40000;2
1961;2018;1;0;2
1962;2018;1;1000;1
1963;2018;1;35000;1
1964;2018;1;15000;1
1965;2018;1;8500;1
1966;2018;1;0;1
2058;2018;1;0;3
2059;2018;1;0;1
2060;2018;1;30000;2
2061;2018;1;19000;1
2062;2018;1;1300;1
2063;2018;1;21500;1
2151;2018;1;0;1
2152;2018;1;11800;1
2153;2018;1;0;2
2241;2018;1;0;2
2242;2018;1;14000;1
2243;2018;1;34000;2
2244;2018;1;35000;1
2245;2018;1;20000;1
2324;2018;1;33200;1
2325;2018;1;18000;1
2326;2018;1;16000;1
2414;2018;1;0;1
2821;2018;1;24000;1
2822;2018;1;48000;1
2823;2018;1;30000;1
2824;2018;1;13000;3
2825;2018;1;0;1
2912;2018;1;47000;3
2913;2018;1;28000;2
2914;2018;1;35000;3
2915;2018;1;5000;1
2916;2018;1;3200;2
2993;2018;1;0;1
2994;2018;1;0;2
2995;2018;1;0;1
2996;2018;1;20000;1
2997;2018;1;10000;1
1606;2018;1;5000;1
1607;2018;1;0;1
1608;2018;1;4200;1
1609;2018;1;25000;2
1610;2018;1;40000;1
1611;2018;1;0;1
1612;2018;1;0;1
1705;2018;1;10000;3
1706;2018;1;44000;1
1707;2018;1;40000;3
3118;2018;1;20000;1
3119;2018;1;0;2
3120;2018;1;52000;2
3136;2018;1;40000;3
3137;2018;1;27000;1
3138;2018;1;21000;1
3139;2018;1;4000;1
3140;2018;1;60000;1
3141;2018;1;0;1
3142;2018;1;10000;1
3143;2018;1;38000;1
3159;2018;1;39000;1
3160;2018;1;0;1
3161;2018;1;0;1
3162;2018;1;25000;1
3163;2018;1;32000;1
3164;2018;1;35000;1
3165;2018;1;0;2
3166;2018;1;0;3
3167;2018;1;18000;1
3183;2018;1;15000;1
3184;2018;1;16000;1
3185;2018;1;0;2
3186;2018;1;0;1
3187;2018;1;14300;2
2487;2018;1;0;1
2488;2018;1;0;2
2489;2018;1;43000;1
2490;2018;1;50000;2
2491;2018;1;0;1
2492;2018;1;0;3
2493;2018;1;0;1
2494;2018;1;0;1
2495;2018;1;0;1
2584;2018;1;2000;1
2585;2018;1;0;3
2586;2018;1;0;2
2587;2018;1;30000;1
2588;2018;1;25000;1
2589;2018;1;23000;2
2590;2018;1;40000;1
2683;2018;1;2000;3
2684;2018;1;14400;2
2685;2018;1;0;1
2687;2018;1;16000;3
2688;2018;1;9000;2
2689;2018;1;0;1
2690;2018;1;50000;3
2691;2018;1;0;1
2415;2018;1;44000;3
2416;2018;1;32000;1
2417;2018;1;80000;1
2418;2018;1;6000;1
2419;2018;1;60000;3
2510;2018;1;16000;1
2511;2018;1;0;1
2512;2018;1;16000;1
2513;2018;1;20000;1
2608;2018;1;0;1
2609;2018;1;34000;1
2610;2018;1;0;1
2611;2018;1;9000;1
2612;2018;1;0;1
2613;2018;1;16000;2
2710;2018;1;4000;1
2711;2018;1;7000;3
2712;2018;1;0;1
2713;2018;1;0;3
2801;2018;1;16000;1
2802;2018;1;34000;1
2803;2018;1;0;1
2804;2018;1;12000;1
2805;2018;1;35000;2
2890;2018;1;0;1
1708;2018;1;24000;1
1709;2018;1;35000;1
1800;2018;1;4900;1
1801;2018;1;0;3
1802;2018;1;46000;1
1803;2018;1;0;1
1888;2018;1;25000;1
1889;2018;1;5000;1
1890;2018;1;9000;2
1891;2018;1;35000;1
1990;2018;1;12000;2
1991;2018;1;0;1
1992;2018;1;3000;1
1993;2018;1;0;1
1994;2018;1;42400;1
2084;2018;1;13000;1
2085;2018;1;14000;3
2086;2018;1;18000;1
2087;2018;1;17000;1
2178;2018;1;4200;1
2179;2018;1;0;1
2180;2018;1;16000;2
2181;2018;1;30000;1
2261;2018;1;0;1
2262;2018;1;30000;1
3188;2018;1;25000;1
3189;2018;1;0;2
3190;2018;1;0;1
3203;2018;1;0;2
3204;2018;1;0;1
3205;2018;1;31000;2
3206;2018;1;0;1
3207;2018;1;13000;2
3208;2018;1;0;1
3209;2018;1;48000;1
3210;2018;1;0;3
3211;2018;1;0;1
3224;2018;1;0;1
3225;2018;1;16000;1
3226;2018;1;15500;2
3227;2018;1;27200;2
3228;2018;1;0;1
3229;2018;1;0;1
3230;2018;1;33000;2
3231;2018;1;0;1
3246;2018;1;0;1
3247;2018;1;97000;2
3248;2018;1;0;1
3249;2018;1;27000;2
3250;2018;1;0;2
2692;2018;1;3000;1
2778;2018;1;26000;1
2779;2018;1;21800;3
2868;2018;1;0;2
2869;2018;1;0;1
2870;2018;1;0;1
2871;2018;1;0;1
2872;2018;1;15000;1
2873;2018;1;5000;1
2874;2018;1;0;1
2875;2018;1;25000;1
2953;2018;1;0;1
2954;2018;1;0;1
2955;2018;1;32000;1
2956;2018;1;0;1
2957;2018;1;28000;1
2958;2018;1;0;1
2959;2018;1;29000;3
1552;2018;1;27000;1
1553;2018;1;34000;1
1554;2018;1;42000;1
1555;2018;1;0;1
1556;2018;1;4000;1
1557;2018;1;15000;2
2891;2018;1;18000;1
2892;2018;1;8000;1
2893;2018;1;36000;3
2894;2018;1;30000;1
2895;2018;1;4000;1
2977;2018;1;0;1
2978;2018;1;18000;2
2979;2018;1;10000;1
2980;2018;1;0;1
2981;2018;1;20000;1
1580;2018;1;10000;1
1581;2018;1;4000;1
1582;2018;1;90000;2
1583;2018;1;4400;1
1584;2018;1;10000;1
1585;2018;1;1000;1
1586;2018;1;24000;3
1587;2018;1;14000;2
1588;2018;1;0;1
1679;2018;1;81000;1
1680;2018;1;8000;3
1681;2018;1;48800;1
1682;2018;1;33000;1
1778;2018;1;23000;1
1779;2018;1;0;1
2263;2018;1;0;1
2264;2018;1;21000;1
2265;2018;1;30800;2
2345;2018;1;14000;3
2346;2018;1;0;1
2347;2018;1;0;1
2348;2018;1;0;3
2349;2018;1;21000;1
2351;2018;1;8000;1
2352;2018;1;10000;1
2448;2018;1;26000;2
2449;2018;1;0;1
2450;2018;1;0;1
2451;2018;1;0;1
2452;2018;1;0;2
2542;2018;1;0;1
2543;2018;1;7600;1
2544;2018;1;0;2
2545;2018;1;0;1
2546;2018;1;1000;2
2547;2018;1;9000;1
2636;2018;1;0;1
2637;2018;1;52000;1
2638;2018;1;12000;1
2639;2018;1;0;2
3251;2018;1;0;1
3252;2018;1;18000;2
3253;2018;1;31500;1
3269;2018;1;12000;2
3270;2018;1;20000;2
3271;2018;1;0;3
3272;2018;1;34000;1
3273;2018;1;0;1
3274;2018;1;0;1
3275;2018;1;60000;2
3276;2018;1;0;2
3277;2018;1;67000;3
3293;2018;1;43100;2
3294;2018;1;0;1
3295;2018;1;0;2
3296;2018;1;20000;2
3297;2018;1;11000;2
3298;2018;1;60000;1
3318;2018;1;0;1
3319;2018;1;15000;2
3320;2018;1;37000;3
3321;2018;1;0;2
3322;2018;1;12000;2
3323;2018;1;35000;1
3344;2018;1;0;1
1558;2018;1;15000;2
1655;2018;1;0;1
1656;2018;1;0;1
1657;2018;1;35000;2
1658;2018;1;0;1
1659;2018;1;34000;1
1750;2018;1;0;2
1751;2018;1;0;1
1752;2018;1;50000;3
1753;2018;1;0;1
1754;2018;1;15000;2
1755;2018;1;39700;1
1756;2018;1;0;1
1757;2018;1;29000;1
1758;2018;1;8000;1
1848;2018;1;2000;1
1849;2018;1;20000;1
1850;2018;1;18000;2
1851;2018;1;30000;2
1852;2018;1;21000;3
1938;2018;1;9700;2
1939;2018;1;9700;2
1940;2018;1;0;1
1941;2018;1;30000;2
1942;2018;1;0;1
1780;2018;1;10800;1
1781;2018;1;0;1
1782;2018;1;14000;2
1868;2018;1;10000;1
1869;2018;1;10000;1
1870;2018;1;1800;1
1871;2018;1;8000;3
1967;2018;1;0;1
1968;2018;1;25000;1
1969;2018;1;65000;3
1970;2018;1;18000;2
1971;2018;1;0;1
1972;2018;1;0;1
1973;2018;1;400;1
2064;2018;1;0;1
2065;2018;1;25000;1
2066;2018;1;16000;1
2067;2018;1;27000;2
2068;2018;1;0;1
2154;2018;1;0;1
2155;2018;1;0;1
2156;2018;1;10000;3
2157;2018;1;34000;1
2158;2018;1;40000;1
2640;2018;1;28000;1
2737;2018;1;0;1
2738;2018;1;0;2
2739;2018;1;30000;1
2740;2018;1;7800;1
2826;2018;1;17800;1
2827;2018;1;15000;3
2828;2018;1;0;1
2829;2018;1;36000;1
2830;2018;1;12000;1
2831;2018;1;0;1
2832;2018;1;4000;1
2833;2018;1;4000;3
2917;2018;1;63000;2
2918;2018;1;0;3
2919;2018;1;0;1
2920;2018;1;0;1
2921;2018;1;0;1
2922;2018;1;29000;1
2923;2018;1;10000;1
2998;2018;1;22000;1
2999;2018;1;0;1
3000;2018;1;21200;1
1613;2018;1;0;2
3345;2018;1;35000;2
3346;2018;1;4000;1
3347;2018;1;0;1
3348;2018;1;0;1
3349;2018;1;0;1
3350;2018;1;0;1
3351;2018;1;2000;2
3352;2018;1;0;1
3376;2018;1;30000;1
3377;2018;1;20000;1
3378;2018;1;0;1
3379;2018;1;5000;2
3380;2018;1;56000;2
3381;2018;1;18000;1
3382;2018;1;0;1
3410;2018;1;50000;1
3411;2018;1;17000;2
3412;2018;1;20000;2
3413;2018;1;0;1
3023;2018;1;0;1
3024;2018;1;0;1
3025;2018;1;0;1
3026;2018;1;20000;2
3027;2018;1;60000;2
3048;2018;1;0;1
1943;2018;1;16600;1
1944;2018;1;0;1
1945;2018;1;0;1
1946;2018;1;0;2
1947;2018;1;18000;2
2039;2018;1;0;2
2040;2018;1;6000;1
2041;2018;1;0;1
2042;2018;1;45000;2
2043;2018;1;0;1
2044;2018;1;0;1
2045;2018;1;0;3
2046;2018;1;56000;2
2047;2018;1;75000;2
2132;2018;1;10000;1
2133;2018;1;0;1
2134;2018;1;0;2
2135;2018;1;0;1
2136;2018;1;40000;2
2137;2018;1;37000;1
2226;2018;1;81200;1
2227;2018;1;50000;1
2228;2018;1;7000;1
2229;2018;1;0;1
2230;2018;1;0;1
2246;2018;1;5500;2
2247;2018;1;0;1
2248;2018;1;35000;1
2327;2018;1;0;1
2328;2018;1;0;2
2329;2018;1;15000;1
2330;2018;1;37000;2
2331;2018;1;6000;1
2332;2018;1;0;1
2333;2018;1;7500;1
2420;2018;1;4800;3
2421;2018;1;0;1
2422;2018;1;0;1
2423;2018;1;14000;1
2424;2018;1;0;1
2425;2018;1;35000;3
2426;2018;1;0;1
2427;2018;1;20000;2
2514;2018;1;0;3
2515;2018;1;0;1
2516;2018;1;23000;1
2517;2018;1;0;1
2518;2018;1;0;1
2519;2018;1;0;2
2520;2018;1;2200;1
1614;2018;1;0;1
1615;2018;1;0;1
1616;2018;1;0;1
1617;2018;1;11000;1
1710;2018;1;0;1
1711;2018;1;5000;1
1712;2018;1;0;1
1713;2018;1;2000;1
1714;2018;1;25000;1
1804;2018;1;20000;1
1805;2018;1;3200;1
1806;2018;1;0;1
1807;2018;1;36000;1
1808;2018;1;0;1
1809;2018;1;20000;1
1810;2018;1;26500;2
1892;2018;1;0;3
1893;2018;1;0;1
1894;2018;1;0;1
1895;2018;1;10000;3
1896;2018;1;0;1
1995;2018;1;0;1
1996;2018;1;31000;1
1997;2018;1;3000;1
1998;2018;1;0;3
3049;2018;1;42000;2
3050;2018;1;0;2
3051;2018;1;20000;2
3052;2018;1;20000;1
3053;2018;1;0;1
1730;2018;1;17000;1
1731;2018;1;0;1
1732;2018;1;2000;1
1733;2018;1;0;3
1734;2018;1;0;1
1825;2018;1;0;1
1826;2018;1;0;1
1827;2018;1;0;1
1828;2018;1;0;2
1829;2018;1;0;1
1830;2018;1;26000;1
1831;2018;1;0;1
1832;2018;1;45000;1
1912;2018;1;15000;2
1913;2018;1;0;3
1914;2018;1;14000;3
1915;2018;1;0;2
1916;2018;1;29000;2
1917;2018;1;12000;1
1918;2018;1;0;1
2309;2018;1;0;1
2310;2018;1;55000;1
2311;2018;1;0;1
2312;2018;1;41000;1
2313;2018;1;0;2
2398;2018;1;0;1
2399;2018;1;11000;2
2400;2018;1;0;2
2401;2018;1;0;1
2402;2018;1;0;3
2403;2018;1;25000;1
2404;2018;1;42000;2
2405;2018;1;37000;2
2496;2018;1;51000;2
2497;2018;1;0;1
2498;2018;1;0;1
2499;2018;1;3910;2
2500;2018;1;100000;1
2501;2018;1;0;2
2502;2018;1;0;2
2591;2018;1;15800;1
2592;2018;1;0;1
2593;2018;1;30000;1
2594;2018;1;1600;2
2595;2018;1;0;1
2521;2018;1;0;1
2522;2018;1;24000;1
2614;2018;1;0;1
2615;2018;1;0;1
2616;2018;1;35000;1
2617;2018;1;58900;1
2618;2018;1;8000;1
2714;2018;1;20000;2
2715;2018;1;8000;2
2716;2018;1;0;1
2717;2018;1;12000;1
2806;2018;1;20000;1
2807;2018;1;0;3
2808;2018;1;17000;1
2809;2018;1;12000;1
2896;2018;1;0;1
2897;2018;1;45000;1
2898;2018;1;17000;3
2899;2018;1;26400;1
2900;2018;1;13000;1
2982;2018;1;4000;1
2983;2018;1;50500;1
1589;2018;1;0;1
1590;2018;1;35000;1
1591;2018;1;0;1
3354;2018;1;0;1
3355;2018;1;25000;1
3356;2018;1;36000;2
3357;2018;1;23000;1
3358;2018;1;33000;1
3383;2018;1;0;1
3384;2018;1;17500;2
3385;2018;1;0;1
3386;2018;1;0;1
3387;2018;1;25000;3
3388;2018;1;0;2
3389;2018;1;0;1
3390;2018;1;0;1
3391;2018;1;20000;1
3028;2018;1;20000;1
3029;2018;1;0;1
3030;2018;1;35000;1
3031;2018;1;0;3
3032;2018;1;0;1
3033;2018;1;0;2
3054;2018;1;0;1
3055;2018;1;0;1
3056;2018;1;0;1
3057;2018;1;16000;2
3058;2018;1;100000;1
1919;2018;1;0;1
1920;2018;1;0;2
2018;2018;1;20000;1
2019;2018;1;0;1
2020;2018;1;65000;1
2021;2018;1;29500;1
2022;2018;1;25000;2
2023;2018;1;41000;2
2108;2018;1;30000;1
2109;2018;1;55000;1
2110;2018;1;0;2
2111;2018;1;0;1
2112;2018;1;0;1
2113;2018;1;3000;2
2114;2018;1;8000;2
2206;2018;1;0;1
2207;2018;1;0;1
2208;2018;1;62000;2
2209;2018;1;8000;1
2210;2018;1;0;1
2211;2018;1;17000;2
2285;2018;1;0;1
2286;2018;1;0;2
2287;2018;1;0;2
2288;2018;1;0;1
2596;2018;1;30000;1
2597;2018;1;16000;1
2598;2018;1;0;1
2693;2018;1;17000;1
2694;2018;1;8000;1
2695;2018;1;0;1
2696;2018;1;0;1
2697;2018;1;0;1
2698;2018;1;40000;1
2699;2018;1;23000;3
2780;2018;1;0;1
2781;2018;1;0;1
2782;2018;1;0;2
2783;2018;1;0;3
2784;2018;1;15000;1
2785;2018;1;0;1
2786;2018;1;0;1
2787;2018;1;0;1
2788;2018;1;60000;2
2789;2018;1;18000;2
2876;2018;1;0;1
2877;2018;1;0;1
2878;2018;1;0;1
2879;2018;1;0;1
2880;2018;1;47000;1
1592;2018;1;6000;1
1593;2018;1;0;1
1594;2018;1;84000;2
1595;2018;1;12000;1
1596;2018;1;14000;2
1597;2018;1;46000;1
1683;2018;1;0;1
1684;2018;1;8000;1
1685;2018;1;0;3
1686;2018;1;0;3
1687;2018;1;0;1
1688;2018;1;14800;1
1783;2018;1;30000;1
1784;2018;1;15500;1
1785;2018;1;15000;1
1786;2018;1;18000;2
1787;2018;1;20000;3
1872;2018;1;20200;1
1873;2018;1;15000;1
1874;2018;1;0;1
1875;2018;1;0;1
1876;2018;1;21200;2
1877;2018;1;0;1
1974;2018;1;14000;1
1975;2018;1;62000;2
3059;2018;1;0;1
3060;2018;1;0;3
3061;2018;1;0;1
3075;2018;1;8500;1
3076;2018;1;0;1
3077;2018;1;0;2
3078;2018;1;0;1
3079;2018;1;15300;3
3080;2018;1;15000;1
3081;2018;1;16000;1
3097;2018;1;45000;1
3098;2018;1;0;1
3099;2018;1;0;1
3100;2018;1;17200;1
3101;2018;1;82000;3
3102;2018;1;0;1
3103;2018;1;0;1
3104;2018;1;30000;1
3105;2018;1;20000;1
3121;2018;1;29200;1
3122;2018;1;0;1
3123;2018;1;0;1
3124;2018;1;20000;3
3125;2018;1;45000;2
3126;2018;1;66000;2
2289;2018;1;36000;1
2290;2018;1;6000;1
2291;2018;1;4000;1
2292;2018;1;29000;2
2293;2018;1;0;1
2294;2018;1;0;1
2295;2018;1;0;1
2373;2018;1;0;1
2374;2018;1;8000;1
2375;2018;1;30000;3
2376;2018;1;0;1
2377;2018;1;0;1
2378;2018;1;0;1
2379;2018;1;10000;1
2380;2018;1;800;3
2474;2018;1;0;1
2475;2018;1;5000;2
2476;2018;1;0;1
2477;2018;1;55000;1
2478;2018;1;19000;1
2479;2018;1;0;1
2480;2018;1;26300;2
2481;2018;1;36000;2
2482;2018;1;0;1
2572;2018;1;0;2
2881;2018;1;10000;1
2882;2018;1;25000;1
2883;2018;1;28000;2
2960;2018;1;0;2
2961;2018;1;0;1
2962;2018;1;16000;1
2963;2018;1;28000;1
2964;2018;1;0;1
2965;2018;1;0;1
2966;2018;1;20000;2
1559;2018;1;0;1
1560;2018;1;0;1
1561;2018;1;29000;2
1562;2018;1;0;1
1563;2018;1;80000;2
1564;2018;1;50000;1
1565;2018;1;50000;2
1566;2018;1;20000;1
1660;2018;1;70000;1
1661;2018;1;0;1
1662;2018;1;0;1
1663;2018;1;71500;1
1664;2018;1;60000;3
1759;2018;1;35000;1
1760;2018;1;10000;1
1976;2018;1;13000;2
1977;2018;1;40000;2
1978;2018;1;0;1
1979;2018;1;0;1
2069;2018;1;0;1
2070;2018;1;0;1
2071;2018;1;10000;2
2072;2018;1;6000;3
2073;2018;1;3600;1
2074;2018;1;40000;1
2075;2018;1;0;1
2159;2018;1;9000;1
2160;2018;1;0;1
2161;2018;1;0;1
2162;2018;1;4600;3
2163;2018;1;0;2
2164;2018;1;22000;2
2165;2018;1;10000;1
2166;2018;1;20000;1
2249;2018;1;12000;1
2250;2018;1;16000;1
2251;2018;1;95000;1
2252;2018;1;8000;3
2334;2018;1;5000;1
2335;2018;1;38800;1
3127;2018;1;0;1
3128;2018;1;0;3
3144;2018;1;20000;2
3145;2018;1;26000;1
3146;2018;1;0;1
3147;2018;1;0;2
3148;2018;1;0;1
3149;2018;1;0;1
3150;2018;1;15000;2
3151;2018;1;0;3
3168;2018;1;65000;1
3169;2018;1;0;1
3170;2018;1;0;1
3171;2018;1;0;1
3172;2018;1;0;2
3173;2018;1;0;1
3174;2018;1;70000;3
3191;2018;1;0;1
3192;2018;1;56000;2
3193;2018;1;0;1
3194;2018;1;0;1
3195;2018;1;23000;3
3196;2018;1;90000;1
3197;2018;1;16000;2
3212;2018;1;0;1
2573;2018;1;56000;1
2574;2018;1;22000;2
2575;2018;1;0;1
2576;2018;1;40000;1
2577;2018;1;0;1
2667;2018;1;0;1
2668;2018;1;23400;1
2669;2018;1;20000;1
2670;2018;1;25000;2
2671;2018;1;33000;2
2672;2018;1;21000;2
2763;2018;1;33300;3
2764;2018;1;19000;2
2765;2018;1;21000;1
2766;2018;1;0;1
2767;2018;1;53000;1
2768;2018;1;92000;1
2769;2018;1;0;1
2853;2018;1;12000;3
2854;2018;1;47000;1
2855;2018;1;33000;3
2856;2018;1;0;1
2857;2018;1;20000;1
2858;2018;1;1600;2
2859;2018;1;13500;1
1761;2018;1;120000;1
1762;2018;1;58000;1
1763;2018;1;21000;2
1764;2018;1;0;1
1765;2018;1;0;3
1766;2018;1;49000;2
1853;2018;1;16000;2
1854;2018;1;53000;2
1855;2018;1;20000;2
1856;2018;1;57000;1
1857;2018;1;30000;1
1948;2018;1;15000;1
1949;2018;1;40000;1
1950;2018;1;15000;1
1951;2018;1;0;1
1952;2018;1;65000;2
1953;2018;1;0;1
1954;2018;1;0;1
1955;2018;1;45000;3
2049;2018;1;75000;2
2050;2018;1;0;2
2051;2018;1;0;1
2138;2018;1;0;1
2139;2018;1;36000;1
2428;2018;1;3200;1
2429;2018;1;4800;2
2430;2018;1;0;1
2431;2018;1;0;1
2432;2018;1;59000;1
2523;2018;1;30000;2
2524;2018;1;10500;3
2525;2018;1;0;1
2526;2018;1;0;1
2527;2018;1;16000;2
2528;2018;1;16000;3
2619;2018;1;0;1
2620;2018;1;4500;2
2621;2018;1;26100;3
2622;2018;1;20000;1
2623;2018;1;20000;1
2718;2018;1;5000;1
2719;2018;1;0;1
2720;2018;1;35000;1
2721;2018;1;12000;1
2722;2018;1;0;3
2723;2018;1;0;1
2724;2018;1;0;1
2810;2018;1;18800;2
2811;2018;1;0;1
3213;2018;1;44500;2
3214;2018;1;70000;2
3215;2018;1;0;1
3216;2018;1;15000;2
3217;2018;1;20000;2
3232;2018;1;0;1
3233;2018;1;25000;1
3234;2018;1;0;1
3235;2018;1;60000;3
3236;2018;1;0;2
3237;2018;1;0;1
3254;2018;1;40000;1
3255;2018;1;0;1
3256;2018;1;13000;2
3257;2018;1;0;1
3258;2018;1;30000;1
3259;2018;1;0;3
3260;2018;1;34500;1
3261;2018;1;20000;2
3262;2018;1;19600;3
3278;2018;1;26000;2
3279;2018;1;20000;2
3280;2018;1;32500;1
3281;2018;1;25000;1
3282;2018;1;21000;2
2944;2018;1;48000;3
2945;2018;1;25000;2
2946;2018;1;0;2
2947;2018;1;43000;1
2948;2018;1;0;1
1536;2018;1;10000;3
1537;2018;1;2000;2
1538;2018;1;63000;1
1539;2018;1;0;2
1540;2018;1;29000;1
1541;2018;1;10600;2
1542;2018;1;3000;2
1543;2018;1;30000;2
1640;2018;1;26000;1
1641;2018;1;0;1
1642;2018;1;11000;1
1643;2018;1;0;1
1644;2018;1;0;1
1645;2018;1;90000;1
1646;2018;1;100000;2
1735;2018;1;0;1
1736;2018;1;36000;1
1737;2018;1;49000;2
1738;2018;1;25000;1
1739;2018;1;34000;3
2140;2018;1;0;3
2141;2018;1;8500;3
2142;2018;1;0;3
2143;2018;1;4000;1
2144;2018;1;0;1
2145;2018;1;54600;1
2231;2018;1;29800;2
2232;2018;1;7000;2
2233;2018;1;10000;2
2234;2018;1;16000;1
2235;2018;1;0;1
2314;2018;1;4000;1
2315;2018;1;25000;1
2316;2018;1;14600;1
2317;2018;1;15000;1
2406;2018;1;14600;1
2407;2018;1;9200;1
2408;2018;1;15000;1
2409;2018;1;9000;1
2503;2018;1;2200;1
2504;2018;1;13000;1
2505;2018;1;23500;3
2599;2018;1;50000;1
2600;2018;1;39000;3
2601;2018;1;0;1
2812;2018;1;30000;1
2901;2018;1;0;1
2902;2018;1;0;1
2903;2018;1;0;1
2904;2018;1;0;1
2905;2018;1;35000;1
2984;2018;1;0;3
2985;2018;1;17500;1
2986;2018;1;0;1
2987;2018;1;0;2
1598;2018;1;31900;1
1599;2018;1;0;1
1600;2018;1;0;1
1601;2018;1;19700;1
1602;2018;1;0;1
1689;2018;1;0;2
1690;2018;1;0;1
1691;2018;1;0;1
1692;2018;1;0;1
1693;2018;1;14000;1
1694;2018;1;0;1
1695;2018;1;3000;1
1696;2018;1;0;1
1697;2018;1;13000;1
3302;2018;1;6500;1
3303;2018;1;0;2
3304;2018;1;22000;2
3305;2018;1;8000;1
3306;2018;1;15000;1
3307;2018;1;20000;2
3308;2018;1;0;2
3309;2018;1;0;2
3310;2018;1;22000;1
3332;2018;1;46000;2
3333;2018;1;28000;2
3334;2018;1;45900;3
3335;2018;1;0;1
3336;2018;1;26000;1
3337;2018;1;0;1
3338;2018;1;0;3
3339;2018;1;20000;2
3359;2018;1;5000;3
3360;2018;1;0;1
3361;2018;1;44000;1
3362;2018;1;60000;1
3363;2018;1;0;1
3364;2018;1;20000;2
3365;2018;1;40000;1
3366;2018;1;15000;1
1740;2018;1;135000;1
1833;2018;1;0;2
1834;2018;1;7000;1
1835;2018;1;8000;1
1836;2018;1;0;1
1837;2018;1;0;1
1838;2018;1;20000;2
1839;2018;1;0;1
1840;2018;1;0;2
1841;2018;1;20000;1
1921;2018;1;40000;1
1922;2018;1;51000;1
1923;2018;1;0;1
1924;2018;1;28000;3
1925;2018;1;20000;1
1926;2018;1;32000;2
1927;2018;1;0;3
1928;2018;1;0;1
2024;2018;1;14000;1
2025;2018;1;19000;3
2026;2018;1;24000;1
2027;2018;1;10000;3
2028;2018;1;0;3
2029;2018;1;8000;2
2030;2018;1;0;1
2602;2018;1;10000;3
2603;2018;1;28000;1
2700;2018;1;16400;1
2701;2018;1;16000;2
2702;2018;1;16000;1
2703;2018;1;0;1
2704;2018;1;4400;1
2790;2018;1;7000;3
2791;2018;1;0;1
2792;2018;1;35500;1
2793;2018;1;38000;1
2884;2018;1;3600;1
2885;2018;1;3600;3
2967;2018;1;0;1
2968;2018;1;0;1
2969;2018;1;10800;3
1567;2018;1;8000;1
1568;2018;1;15000;3
1569;2018;1;0;1
1570;2018;1;40000;1
1571;2018;1;10000;1
1572;2018;1;0;1
1573;2018;1;74500;1
1665;2018;1;10000;1
1666;2018;1;27000;1
1698;2018;1;14000;1
1699;2018;1;20000;1
1788;2018;1;23000;2
1789;2018;1;2500;1
1790;2018;1;0;1
1791;2018;1;10000;1
1792;2018;1;20000;1
1878;2018;1;0;1
1879;2018;1;66000;1
1880;2018;1;0;1
1881;2018;1;0;1
1882;2018;1;8000;1
1980;2018;1;0;1
1981;2018;1;6200;1
1982;2018;1;0;1
1983;2018;1;35500;1
1984;2018;1;39000;1
1985;2018;1;4800;3
2077;2018;1;170000;1
2167;2018;1;28700;1
2168;2018;1;0;2
2169;2018;1;0;1
2170;2018;1;0;1
2171;2018;1;22000;1
3392;2018;1;0;1
3393;2018;1;50000;1
3394;2018;1;0;3
3395;2018;1;0;2
3396;2018;1;6000;1
3397;2018;1;0;1
3398;2018;1;0;1
3399;2018;1;41200;1
3400;2018;1;0;1
3401;2018;1;0;1
3034;2018;1;64000;1
3035;2018;1;0;1
3036;2018;1;0;3
3037;2018;1;26000;1
3038;2018;1;15000;1
3039;2018;1;43000;2
3040;2018;1;0;1
3062;2018;1;12000;2
3063;2018;1;0;1
3064;2018;1;0;1
3065;2018;1;0;1
3066;2018;1;17000;2
3067;2018;1;18500;2
3082;2018;1;10000;1
3083;2018;1;18000;1
2031;2018;1;0;1
2032;2018;1;0;1
2115;2018;1;15000;2
2116;2018;1;37000;1
2117;2018;1;6000;1
2118;2018;1;0;1
2119;2018;1;45000;1
2120;2018;1;40000;1
2121;2018;1;0;1
2122;2018;1;0;1
2123;2018;1;95000;1
2212;2018;1;10000;1
2213;2018;1;16800;3
2214;2018;1;0;1
2215;2018;1;0;1
2216;2018;1;0;2
2217;2018;1;0;1
2218;2018;1;0;1
2219;2018;1;8000;1
2220;2018;1;0;2
2296;2018;1;35000;1
2297;2018;1;60000;3
2298;2018;1;42000;1
2299;2018;1;0;1
1667;2018;1;20000;3
1668;2018;1;6800;1
1669;2018;1;5000;1
1670;2018;1;0;1
1767;2018;1;0;1
1768;2018;1;12000;1
1769;2018;1;0;1
1770;2018;1;0;1
1771;2018;1;14000;1
1858;2018;1;0;2
1859;2018;1;59350;1
1860;2018;1;75000;1
1861;2018;1;29000;1
1956;2018;1;54000;1
1957;2018;1;4400;1
1958;2018;1;17000;2
1959;2018;1;0;1
2052;2018;1;20000;1
2053;2018;1;12000;3
2054;2018;1;0;1
2055;2018;1;0;1
2056;2018;1;22000;1
2057;2018;1;55000;1
2146;2018;1;40000;3
2147;2018;1;12000;1
2253;2018;1;18000;1
2254;2018;1;15000;3
2255;2018;1;20000;1
2256;2018;1;20000;1
2336;2018;1;0;1
2337;2018;1;12700;1
2338;2018;1;6500;1
2339;2018;1;6000;3
2433;2018;1;0;3
2434;2018;1;0;1
2435;2018;1;9000;1
2436;2018;1;22000;1
2437;2018;1;12000;1
2438;2018;1;6000;1
2439;2018;1;0;1
2440;2018;1;0;1
2529;2018;1;0;1
2530;2018;1;0;1
2531;2018;1;28000;1
2532;2018;1;0;1
2533;2018;1;18000;1
2534;2018;1;0;1
2535;2018;1;0;1
2536;2018;1;0;1
2624;2018;1;0;1
3084;2018;1;0;1
3085;2018;1;35000;1
3086;2018;1;32000;2
3087;2018;1;0;2
3088;2018;1;22000;2
3106;2018;1;0;1
3107;2018;1;15000;1
3108;2018;1;0;1
3109;2018;1;14000;2
3110;2018;1;0;1
3111;2018;1;25000;2
3112;2018;1;19000;1
3129;2018;1;40000;3
3130;2018;1;0;1
3132;2018;1;0;3
3133;2018;1;25000;2
3134;2018;1;0;1
3135;2018;1;23000;3
3152;2018;1;55000;1
3153;2018;1;40000;1
3154;2018;1;0;1
3155;2018;1;40000;2
3156;2018;1;0;3
3157;2018;1;0;2
2300;2018;1;0;1
2301;2018;1;0;2
2381;2018;1;0;1
2382;2018;1;0;1
2383;2018;1;16000;1
2384;2018;1;56000;2
2385;2018;1;20000;3
2386;2018;1;0;2
2387;2018;1;8800;1
2483;2018;1;50000;1
2484;2018;1;0;1
2485;2018;1;17500;2
2486;2018;1;0;1
2578;2018;1;25000;2
2579;2018;1;30000;2
2580;2018;1;15000;1
2581;2018;1;18000;1
2582;2018;1;30000;1
2583;2018;1;25000;1
2673;2018;1;20000;1
2674;2018;1;0;1
2675;2018;1;0;1
2676;2018;1;0;1
2677;2018;1;0;1
2678;2018;1;17000;1
2148;2018;1;33300;1
2149;2018;1;0;1
2150;2018;1;22000;1
2236;2018;1;16000;1
2237;2018;1;5000;1
2238;2018;1;10000;1
2239;2018;1;0;2
2240;2018;1;12000;1
2318;2018;1;13000;2
2319;2018;1;13500;1
2320;2018;1;15000;1
2321;2018;1;14000;3
2322;2018;1;5000;1
2323;2018;1;0;1
2410;2018;1;16000;2
2411;2018;1;6720;1
2412;2018;1;0;1
2413;2018;1;12000;1
2506;2018;1;4000;1
2507;2018;1;16500;1
2508;2018;1;18000;1
2509;2018;1;46000;1
2604;2018;1;15000;3
2605;2018;1;20000;3
2606;2018;1;8000;1
2625;2018;1;0;1
2626;2018;1;0;1
2627;2018;1;0;1
2628;2018;1;27200;1
2629;2018;1;0;1
2630;2018;1;36200;1
2631;2018;1;0;2
2725;2018;1;120000;1
2726;2018;1;0;1
2727;2018;1;50000;1
2728;2018;1;7200;1
2729;2018;1;4500;1
2730;2018;1;17000;1
2813;2018;1;0;3
2814;2018;1;0;1
2815;2018;1;0;1
2816;2018;1;30000;1
2817;2018;1;0;1
2818;2018;1;28000;1
2906;2018;1;0;2
2907;2018;1;0;1
2909;2018;1;64000;1
2910;2018;1;15000;2
3158;2018;1;0;2
3175;2018;1;0;1
3176;2018;1;0;1
3177;2018;1;0;1
3178;2018;1;12000;1
3179;2018;1;13000;3
3180;2018;1;7500;1
3181;2018;1;0;1
3182;2018;1;8700;3
3198;2018;1;9200;1
3199;2018;1;38000;1
3200;2018;1;0;1
3201;2018;1;0;1
3202;2018;1;0;1
3218;2018;1;25000;1
3219;2018;1;40000;1
3220;2018;1;90000;2
3221;2018;1;27000;2
3222;2018;1;23000;2
3223;2018;1;0;3
3238;2018;1;22000;3
3239;2018;1;0;1
3240;2018;1;0;1
3241;2018;1;0;1
2679;2018;1;0;1
2680;2018;1;0;2
2681;2018;1;54000;2
2682;2018;1;11000;2
2770;2018;1;55000;1
2771;2018;1;0;2
2772;2018;1;28000;2
2773;2018;1;0;1
2774;2018;1;34000;2
2775;2018;1;18000;2
2776;2018;1;0;2
2777;2018;1;0;1
2860;2018;1;15000;1
2861;2018;1;0;1
2862;2018;1;13400;2
2863;2018;1;0;1
2864;2018;1;15000;1
2865;2018;1;50000;2
2866;2018;1;25000;3
2867;2018;1;6500;2
2949;2018;1;0;1
2950;2018;1;0;1
2951;2018;1;1500;1
2952;2018;1;0;1
1544;2018;1;21000;1
3299;2018;1;45000;1
3300;2018;1;0;1
3301;2018;1;0;1
3324;2018;1;35000;1
3325;2018;1;0;1
3326;2018;1;9000;1
3327;2018;1;0;2
3328;2018;1;70000;1
3329;2018;1;0;1
3330;2018;1;138000;1
3331;2018;1;42000;2
3353;2018;1;0;2
1419;2018;1;5000;1
1426;2018;1;0;1
1427;2018;1;30000;1
1428;2018;1;13000;3
1429;2018;1;1000;3
1430;2018;1;0;1
1436;2018;1;0;1
1437;2018;1;0;1
1438;2018;1;0;1
1439;2018;1;0;1
1440;2018;1;0;1
1441;2018;1;0;1
1442;2018;1;15000;2
1447;2018;1;41500;3
1448;2018;1;0;1
1449;2018;1;0;1
1450;2018;1;10000;2
1451;2018;1;0;1
1452;2018;1;0;1
1456;2018;1;180000;1
1457;2018;1;30000;1
1458;2018;1;13000;2
1459;2018;1;26000;1
1460;2018;1;15000;1
1466;2018;1;6000;2
1467;2018;1;32000;1
1468;2018;1;34800;1
1469;2018;1;0;1
1470;2018;1;5000;1
1471;2018;1;12000;1
1472;2018;1;18000;2
1478;2018;1;14000;1
1479;2018;1;0;1
1480;2018;1;30000;1
1481;2018;1;0;1
1482;2018;1;0;1
1488;2018;1;8000;3
1489;2018;1;33600;1
1490;2018;1;18000;1
1491;2018;1;12500;1
1492;2018;1;0;1
1493;2018;1;7000;1
1497;2018;1;0;1
1498;2018;1;0;1
1499;2018;1;0;3
1500;2018;1;18000;2
1501;2018;1;14500;1
1502;2018;1;3000;1
1511;2018;1;14000;3
1512;2018;1;10000;1
1513;2018;1;0;1
1514;2018;1;34700;1
1515;2018;1;0;1
1516;2018;1;0;1
1522;2018;1;15000;3
1523;2018;1;0;1
1524;2018;1;0;3
1525;2018;1;4000;3
1365;2018;1;12000;1
1366;2018;1;10800;1
1367;2018;1;0;1
1368;2018;1;10000;1
1369;2018;1;23000;1
1375;2018;1;12000;1
1291;2018;1;0;1
1292;2018;1;0;1
1293;2018;1;0;1
96;2018;1;12000;1
97;2018;1;0;1
98;2018;1;50000;1
99;2018;1;0;1
100;2018;1;0;1
101;2018;1;30000;3
184;2018;1;0;1
185;2018;1;3200;1
186;2018;1;10000;1
187;2018;1;27000;1
188;2018;1;0;1
263;2018;1;45000;1
264;2018;1;0;1
265;2018;1;36500;2
266;2018;1;0;1
267;2018;1;15000;1
268;2018;1;30000;1
269;2018;1;15000;1
350;2018;1;0;1
351;2018;1;8000;1
352;2018;1;14000;2
353;2018;1;24600;2
354;2018;1;0;1
446;2018;1;34700;1
447;2018;1;24000;1
448;2018;1;8000;1
449;2018;1;0;3
450;2018;1;48000;1
451;2018;1;0;1
521;2018;1;17000;3
522;2018;1;32000;3
523;2018;1;3000;3
524;2018;1;0;1
525;2018;1;74000;1
526;2018;1;12000;1
612;2018;1;35000;1
613;2018;1;0;1
614;2018;1;25000;2
615;2018;1;52500;1
697;2018;1;0;1
698;2018;1;0;1
699;2018;1;5000;1
700;2018;1;0;1
701;2018;1;30000;2
702;2018;1;7000;1
703;2018;1;9000;1
778;2018;1;6000;1
779;2018;1;33000;1
780;2018;1;4000;1
866;2018;1;12000;1
867;2018;1;0;1
868;2018;1;45000;1
869;2018;1;34500;3
945;2018;1;45000;1
946;2018;1;30000;1
947;2018;1;30000;1
948;2018;1;12000;2
949;2018;1;20000;3
1033;2018;1;9500;2
1034;2018;1;0;1
1035;2018;1;29000;1
1036;2018;1;0;1
1037;2018;1;30000;2
1038;2018;1;4000;1
1039;2018;1;0;1
1040;2018;1;0;2
1041;2018;1;16000;1
1127;2018;1;0;1
1128;2018;1;0;2
1129;2018;1;20000;2
1130;2018;1;50000;2
1131;2018;1;4000;1
1132;2018;1;4000;1
1210;2018;1;0;2
1211;2018;1;12000;1
1212;2018;1;0;1
1213;2018;1;15000;2
1214;2018;1;10000;2
1294;2018;1;0;1
1295;2018;1;20000;1
1296;2018;1;2000;1
1;2018;1;30000;1
2;2018;1;0;1
3;2018;1;39000;1
4;2018;1;0;2
5;2018;1;55000;2
6;2018;1;30000;1
7;2018;1;0;1
8;2018;1;5000;1
102;2018;1;0;1
103;2018;1;0;1
104;2018;1;29000;3
105;2018;1;9600;1
106;2018;1;0;1
107;2018;1;0;1
1376;2018;1;0;1
1377;2018;1;0;1
1378;2018;1;0;1
1379;2018;1;20000;2
1380;2018;1;0;1
1381;2018;1;23000;1
1382;2018;1;0;1
1383;2018;1;0;3
1387;2018;1;45000;1
1388;2018;1;20000;1
1389;2018;1;0;1
1390;2018;1;0;1
1391;2018;1;0;1
1392;2018;1;55000;1
1393;2018;1;80000;1
1398;2018;1;3000;1
1399;2018;1;17000;3
1400;2018;1;18000;1
1401;2018;1;0;3
1402;2018;1;400;1
1403;2018;1;44300;3
1404;2018;1;42500;1
1410;2018;1;0;1
1411;2018;1;52000;1
1412;2018;1;111500;2
1420;2018;1;11000;1
1421;2018;1;14000;1
1422;2018;1;0;1
1423;2018;1;18000;1
1424;2018;1;5000;2
1425;2018;1;15200;1
1431;2018;1;0;1
1432;2018;1;27000;1
1433;2018;1;30000;1
1434;2018;1;0;1
1435;2018;1;2500;1
1443;2018;1;7000;1
1444;2018;1;34000;1
1445;2018;1;0;1
1446;2018;1;0;1
1453;2018;1;16000;2
1454;2018;1;15000;1
1455;2018;1;16000;1
1462;2018;1;0;1
1463;2018;1;29000;1
1464;2018;1;21500;1
1465;2018;1;68000;1
1473;2018;1;10000;1
1474;2018;1;0;1
1475;2018;1;35000;1
1476;2018;1;57000;1
1477;2018;1;0;2
1483;2018;1;0;1
1484;2018;1;4000;1
1485;2018;1;0;1
1486;2018;1;7000;1
1487;2018;1;25000;1
1494;2018;1;0;1
1495;2018;1;0;1
1496;2018;1;9000;1
1503;2018;1;0;1
1504;2018;1;0;1
1505;2018;1;26000;2
1506;2018;1;0;1
1507;2018;1;10000;2
1508;2018;1;6600;2
1509;2018;1;27000;1
1510;2018;1;0;1
1517;2018;1;0;1
1518;2018;1;0;1
1519;2018;1;4000;1
1520;2018;1;24500;1
1521;2018;1;8000;3
1359;2018;1;25000;1
1360;2018;1;0;1
1361;2018;1;1500;1
1362;2018;1;20000;1
1363;2018;1;40000;1
1364;2018;1;12000;1
1370;2018;1;29000;1
1371;2018;1;20000;2
1372;2018;1;30000;1
1373;2018;1;0;1
1374;2018;1;0;1
1384;2018;1;30000;1
1385;2018;1;0;1
1386;2018;1;5000;2
1394;2018;1;12000;1
1395;2018;1;18200;3
1396;2018;1;12000;3
1397;2018;1;46000;1
1405;2018;1;0;2
1406;2018;1;0;1
1407;2018;1;5000;2
1408;2018;1;44000;1
1409;2018;1;26400;1
1413;2018;1;0;1
1414;2018;1;0;1
1415;2018;1;27000;1
1416;2018;1;0;1
1417;2018;1;55000;1
1418;2018;1;7000;1
598;2018;1;18000;1
599;2018;1;10000;2
600;2018;1;0;1
682;2018;1;0;1
683;2018;1;18000;1
684;2018;1;0;2
685;2018;1;0;1
686;2018;1;25200;3
687;2018;1;18000;2
763;2018;1;0;1
764;2018;1;12000;3
765;2018;1;11000;1
766;2018;1;21000;1
767;2018;1;0;1
848;2018;1;0;3
849;2018;1;27400;1
850;2018;1;27000;1
851;2018;1;16000;1
852;2018;1;20000;1
932;2018;1;0;2
933;2018;1;23000;1
934;2018;1;44000;1
935;2018;1;4400;1
936;2018;1;70000;1
1018;2018;1;27000;1
2561;2018;1;45000;2
2562;2018;1;7000;3
2563;2018;1;16500;2
2564;2018;1;39500;1
2565;2018;1;0;1
2654;2018;1;9000;3
2655;2018;1;9000;1
2656;2018;1;20000;1
2657;2018;1;2000;3
2658;2018;1;0;1
2752;2018;1;0;1
2753;2018;1;0;1
2754;2018;1;0;1
2755;2018;1;16000;1
2756;2018;1;0;1
2841;2018;1;4500;1
2842;2018;1;0;2
2843;2018;1;9000;3
2844;2018;1;20000;1
2845;2018;1;5000;3
2846;2018;1;16000;3
2847;2018;1;21000;1
2932;2018;1;23000;1
2933;2018;1;2000;3
2934;2018;1;10000;1
288;2018;1;30000;2
289;2018;1;10000;1
290;2018;1;22000;1
291;2018;1;0;1
292;2018;1;25000;1
370;2018;1;30000;2
371;2018;1;37000;1
372;2018;1;11000;1
373;2018;1;130000;1
374;2018;1;0;1
467;2018;1;2400;1
468;2018;1;10000;1
469;2018;1;4000;3
470;2018;1;40000;1
471;2018;1;30000;3
472;2018;1;2000;3
546;2018;1;21400;3
547;2018;1;0;1
548;2018;1;0;1
549;2018;1;0;1
550;2018;1;0;1
551;2018;1;0;1
634;2018;1;5600;2
635;2018;1;29000;2
1081;2018;1;0;1
1082;2018;1;30000;1
1083;2018;1;28000;2
1084;2018;1;33500;3
1085;2018;1;91000;1
1167;2018;1;0;1
1168;2018;1;0;3
1169;2018;1;0;1
1170;2018;1;0;1
1171;2018;1;46000;1
1172;2018;1;60000;1
1173;2018;1;37000;1
1253;2018;1;14500;3
1254;2018;1;28000;1
1255;2018;1;0;1
1256;2018;1;0;2
1334;2018;1;0;1
1335;2018;1;12000;1
1336;2018;1;0;1
1337;2018;1;0;1
1338;2018;1;20000;1
1339;2018;1;6000;1
51;2018;1;29100;1
52;2018;1;8500;1
53;2018;1;0;1
1019;2018;1;80000;1
1020;2018;1;0;1
1021;2018;1;22000;1
1022;2018;1;0;1
1023;2018;1;16000;3
1024;2018;1;0;1
1110;2018;1;0;3
1111;2018;1;0;1
1112;2018;1;50000;1
1113;2018;1;0;1
1114;2018;1;15000;3
1115;2018;1;0;1
1194;2018;1;37000;3
1195;2018;1;1600;2
1196;2018;1;35000;1
1197;2018;1;40000;1
1198;2018;1;32000;1
1276;2018;1;32000;2
1277;2018;1;18000;1
1278;2018;1;4700;3
1279;2018;1;0;1
1280;2018;1;0;3
1281;2018;1;9000;1
85;2018;1;27000;1
86;2018;1;3200;1
2935;2018;1;10000;1
2936;2018;1;0;2
2937;2018;1;0;1
3015;2018;1;10000;1
3016;2018;1;0;2
3017;2018;1;10500;1
3018;2018;1;20000;1
1630;2018;1;5000;2
1631;2018;1;8000;1
1632;2018;1;16500;2
1633;2018;1;30000;1
1634;2018;1;80000;1
1725;2018;1;0;1
1726;2018;1;0;1
1727;2018;1;25000;3
1728;2018;1;20000;3
1729;2018;1;50000;1
1820;2018;1;0;1
1821;2018;1;45000;1
1822;2018;1;0;1
1823;2018;1;33000;1
1824;2018;1;22000;1
1906;2018;1;17800;1
1907;2018;1;0;1
1908;2018;1;0;1
636;2018;1;12000;1
637;2018;1;0;1
638;2018;1;13000;1
639;2018;1;0;1
720;2018;1;60000;1
721;2018;1;0;1
722;2018;1;0;1
723;2018;1;25000;1
724;2018;1;2000;1
725;2018;1;3000;1
726;2018;1;14000;1
796;2018;1;0;1
797;2018;1;12000;1
798;2018;1;16000;2
799;2018;1;63000;1
886;2018;1;0;1
888;2018;1;21000;2
889;2018;1;12000;1
890;2018;1;18000;2
891;2018;1;20000;2
966;2018;1;0;1
967;2018;1;45000;1
968;2018;1;28000;2
54;2018;1;0;1
55;2018;1;23000;2
144;2018;1;24000;2
145;2018;1;0;1
146;2018;1;6000;2
147;2018;1;13000;1
148;2018;1;10000;1
149;2018;1;0;2
233;2018;1;20000;1
234;2018;1;0;1
235;2018;1;16000;1
236;2018;1;4800;3
237;2018;1;20000;1
313;2018;1;0;1
314;2018;1;14800;1
315;2018;1;25000;2
316;2018;1;0;1
401;2018;1;10000;1
402;2018;1;0;3
403;2018;1;15000;1
404;2018;1;0;1
405;2018;1;0;1
406;2018;1;0;1
407;2018;1;0;1
490;2018;1;0;1
87;2018;1;20000;1
88;2018;1;6000;3
89;2018;1;0;1
173;2018;1;43000;1
174;2018;1;14000;1
175;2018;1;21000;1
176;2018;1;1000;1
256;2018;1;0;1
257;2018;1;0;1
258;2018;1;23000;1
259;2018;1;29000;2
340;2018;1;25000;1
341;2018;1;30000;3
342;2018;1;35000;1
343;2018;1;4500;2
344;2018;1;17000;1
433;2018;1;0;1
434;2018;1;31000;1
436;2018;1;0;1
437;2018;1;27000;2
438;2018;1;0;1
439;2018;1;0;1
513;2018;1;0;1
1909;2018;1;15000;1
1910;2018;1;0;1
1911;2018;1;20000;1
2012;2018;1;26100;1
2013;2018;1;0;1
2014;2018;1;0;1
2015;2018;1;80000;1
2016;2018;1;800;1
2017;2018;1;12000;3
2103;2018;1;18500;2
2104;2018;1;9100;1
2105;2018;1;0;1
2106;2018;1;0;1
2107;2018;1;37000;1
2198;2018;1;12000;3
2199;2018;1;19800;2
2200;2018;1;0;1
2201;2018;1;22500;2
2202;2018;1;0;1
2203;2018;1;27100;2
2204;2018;1;5400;2
2205;2018;1;21000;1
2280;2018;1;0;1
2281;2018;1;0;1
2282;2018;1;0;1
969;2018;1;0;1
970;2018;1;0;3
971;2018;1;8000;1
972;2018;1;0;1
973;2018;1;38000;1
974;2018;1;0;1
1058;2018;1;4500;2
1059;2018;1;29000;1
1060;2018;1;0;1
1061;2018;1;60000;1
1147;2018;1;8000;1
1148;2018;1;16000;1
1149;2018;1;28400;1
1150;2018;1;0;1
1151;2018;1;28000;2
1232;2018;1;71000;1
1233;2018;1;35000;2
1234;2018;1;11000;1
1235;2018;1;0;2
1312;2018;1;4500;2
1313;2018;1;0;1
1314;2018;1;13000;1
1315;2018;1;25000;1
25;2018;1;34000;1
26;2018;1;4300;1
491;2018;1;0;1
492;2018;1;0;1
493;2018;1;0;1
494;2018;1;20000;1
495;2018;1;18000;1
575;2018;1;7000;1
576;2018;1;0;1
577;2018;1;14000;1
578;2018;1;0;1
579;2018;1;13000;1
580;2018;1;0;1
664;2018;1;17000;2
665;2018;1;0;1
666;2018;1;13000;2
667;2018;1;0;1
668;2018;1;0;1
669;2018;1;0;1
744;2018;1;0;1
745;2018;1;16000;3
746;2018;1;37000;1
747;2018;1;23500;1
748;2018;1;25000;2
749;2018;1;9000;1
822;2018;1;12000;1
823;2018;1;20000;1
824;2018;1;0;1
514;2018;1;39000;1
515;2018;1;9000;1
516;2018;1;9000;1
601;2018;1;60000;1
602;2018;1;21600;1
603;2018;1;27000;3
604;2018;1;40000;1
688;2018;1;55000;1
689;2018;1;23000;1
690;2018;1;22000;3
691;2018;1;0;1
768;2018;1;16000;2
769;2018;1;50000;2
770;2018;1;47000;1
771;2018;1;0;1
772;2018;1;30000;2
853;2018;1;23000;2
854;2018;1;19000;2
855;2018;1;35000;1
856;2018;1;7000;3
857;2018;1;0;1
937;2018;1;0;2
938;2018;1;12000;1
939;2018;1;71000;1
1025;2018;1;13500;1
2283;2018;1;22000;2
2284;2018;1;10000;2
2369;2018;1;16000;1
2370;2018;1;57000;1
2371;2018;1;14000;2
2372;2018;1;5000;1
2470;2018;1;3000;1
2471;2018;1;0;2
2472;2018;1;15000;3
2473;2018;1;18000;3
2566;2018;1;8000;1
2567;2018;1;15000;3
2568;2018;1;0;1
2569;2018;1;13600;1
2570;2018;1;0;2
2571;2018;1;3000;1
2659;2018;1;30000;1
2660;2018;1;0;3
2661;2018;1;0;1
2662;2018;1;55000;1
2663;2018;1;14000;1
2664;2018;1;0;1
2665;2018;1;0;1
2666;2018;1;0;3
2757;2018;1;0;1
27;2018;1;47000;1
28;2018;1;0;1
29;2018;1;17000;3
30;2018;1;4000;1
124;2018;1;22000;1
125;2018;1;26000;1
126;2018;1;0;1
212;2018;1;0;1
213;2018;1;0;1
214;2018;1;22000;1
215;2018;1;0;1
216;2018;1;4000;1
217;2018;1;3000;1
218;2018;1;100000;1
293;2018;1;0;1
294;2018;1;22500;1
295;2018;1;600;1
375;2018;1;90000;2
376;2018;1;0;3
377;2018;1;17000;1
378;2018;1;0;1
379;2018;1;4000;1
380;2018;1;0;1
381;2018;1;14000;1
473;2018;1;20000;2
825;2018;1;13400;1
826;2018;1;20000;1
914;2018;1;19000;2
915;2018;1;35000;1
916;2018;1;15400;1
995;2018;1;0;1
996;2018;1;40000;1
997;2018;1;0;1
1086;2018;1;12700;1
1087;2018;1;10000;1
1088;2018;1;60000;1
1089;2018;1;0;1
1090;2018;1;0;1
1091;2018;1;0;2
1092;2018;1;30000;1
1174;2018;1;12000;1
1175;2018;1;6000;3
1176;2018;1;8000;1
1177;2018;1;0;1
1178;2018;1;0;1
1257;2018;1;37000;1
1258;2018;1;13000;2
1259;2018;1;21000;1
1260;2018;1;0;1
1026;2018;1;14500;1
1027;2018;1;16400;3
1028;2018;1;6000;3
1116;2018;1;4000;1
1117;2018;1;24500;1
1118;2018;1;0;1
1119;2018;1;15000;1
1120;2018;1;13200;1
1199;2018;1;22000;1
1200;2018;1;0;1
1201;2018;1;16000;1
1202;2018;1;0;1
1203;2018;1;18000;3
1204;2018;1;10000;3
1282;2018;1;0;1
1283;2018;1;0;1
1284;2018;1;5000;1
1285;2018;1;6000;1
1286;2018;1;22000;1
1287;2018;1;55000;2
90;2018;1;34000;2
91;2018;1;34000;1
92;2018;1;15000;1
93;2018;1;12000;1
94;2018;1;0;3
2758;2018;1;2400;1
2759;2018;1;55000;1
2760;2018;1;0;1
2761;2018;1;0;1
2762;2018;1;39350;1
2848;2018;1;0;1
2849;2018;1;600;1
2850;2018;1;0;1
2851;2018;1;10000;1
2852;2018;1;8000;1
2938;2018;1;36000;1
2939;2018;1;12000;2
2940;2018;1;10000;1
2941;2018;1;0;1
2942;2018;1;0;2
2943;2018;1;1600;1
3019;2018;1;22000;3
3020;2018;1;14000;1
3021;2018;1;11200;1
3022;2018;1;0;1
1526;2018;1;0;1
1527;2018;1;0;1
1528;2018;1;0;1
1529;2018;1;0;1
1530;2018;1;0;2
474;2018;1;0;1
475;2018;1;40000;2
476;2018;1;33000;1
552;2018;1;42000;1
553;2018;1;0;1
554;2018;1;14500;1
555;2018;1;6000;2
556;2018;1;0;2
557;2018;1;50000;1
640;2018;1;0;2
641;2018;1;22000;3
642;2018;1;52000;1
643;2018;1;0;1
644;2018;1;0;1
645;2018;1;8800;3
727;2018;1;12000;1
728;2018;1;4000;1
729;2018;1;74000;1
730;2018;1;4400;1
731;2018;1;16000;3
800;2018;1;8000;1
801;2018;1;12000;1
802;2018;1;30000;3
803;2018;1;7300;1
804;2018;1;20000;2
1340;2018;1;4600;1
1341;2018;1;14300;1
1342;2018;1;20000;1
1343;2018;1;0;1
1344;2018;1;20000;1
56;2018;1;0;1
57;2018;1;20000;1
58;2018;1;0;1
59;2018;1;16000;1
60;2018;1;0;2
61;2018;1;6000;1
150;2018;1;0;1
151;2018;1;4800;3
152;2018;1;0;1
153;2018;1;32000;1
154;2018;1;17400;3
155;2018;1;19500;3
238;2018;1;11000;1
239;2018;1;4000;1
240;2018;1;0;1
241;2018;1;15000;2
242;2018;1;0;1
243;2018;1;39000;2
244;2018;1;8500;2
317;2018;1;0;1
95;2018;1;0;1
177;2018;1;0;1
178;2018;1;0;1
179;2018;1;0;3
180;2018;1;0;1
181;2018;1;29000;1
182;2018;1;0;1
183;2018;1;40000;1
260;2018;1;0;1
261;2018;1;2500;3
262;2018;1;13000;1
345;2018;1;0;3
346;2018;1;0;1
347;2018;1;14400;2
348;2018;1;15000;1
349;2018;1;44000;1
440;2018;1;20000;1
441;2018;1;30000;2
442;2018;1;33900;2
443;2018;1;2000;1
444;2018;1;18000;1
445;2018;1;20000;1
517;2018;1;25000;1
518;2018;1;2000;1
519;2018;1;5000;1
1531;2018;1;0;2
1532;2018;1;30000;2
1533;2018;1;20000;1
1534;2018;1;0;3
1535;2018;1;4700;1
1635;2018;1;45000;1
1636;2018;1;17000;2
1637;2018;1;4000;1
1638;2018;1;12000;3
1639;2018;1;17000;1
189;2018;1;14000;1
190;2018;1;0;1
191;2018;1;13800;2
192;2018;1;0;1
193;2018;1;25600;1
270;2018;1;0;1
271;2018;1;5000;3
272;2018;1;0;1
273;2018;1;32000;2
274;2018;1;10000;1
355;2018;1;0;1
356;2018;1;25000;2
357;2018;1;0;1
358;2018;1;60000;2
359;2018;1;28000;1
805;2018;1;25000;3
892;2018;1;0;2
893;2018;1;0;2
894;2018;1;20000;1
895;2018;1;0;1
896;2018;1;33200;1
975;2018;1;0;2
976;2018;1;3900;1
977;2018;1;45000;3
978;2018;1;54000;1
1062;2018;1;16000;1
1063;2018;1;0;1
1064;2018;1;3000;3
1065;2018;1;31500;1
1066;2018;1;30000;3
1067;2018;1;0;1
1152;2018;1;110000;1
1153;2018;1;150000;1
1154;2018;1;30000;1
1155;2018;1;14000;1
1236;2018;1;0;1
1237;2018;1;38000;1
1238;2018;1;0;1
1239;2018;1;0;1
1240;2018;1;0;2
318;2018;1;13500;1
319;2018;1;27000;1
320;2018;1;0;1
321;2018;1;0;1
322;2018;1;8000;1
323;2018;1;28500;1
408;2018;1;0;1
409;2018;1;3000;1
410;2018;1;0;2
411;2018;1;800;3
412;2018;1;0;1
413;2018;1;34000;1
496;2018;1;36000;3
497;2018;1;0;1
498;2018;1;0;3
499;2018;1;0;3
500;2018;1;0;3
581;2018;1;4500;1
582;2018;1;32000;1
583;2018;1;600;1
584;2018;1;30000;1
585;2018;1;4000;1
670;2018;1;18000;1
671;2018;1;0;1
672;2018;1;27000;1
520;2018;1;4000;1
605;2018;1;2000;1
606;2018;1;10000;1
607;2018;1;0;1
608;2018;1;8500;1
609;2018;1;0;1
610;2018;1;0;1
611;2018;1;8000;1
692;2018;1;12000;3
693;2018;1;3000;2
694;2018;1;0;1
695;2018;1;7000;3
696;2018;1;0;1
773;2018;1;0;1
774;2018;1;4800;1
775;2018;1;16000;1
776;2018;1;0;1
777;2018;1;0;1
858;2018;1;0;1
859;2018;1;38000;2
860;2018;1;9500;1
861;2018;1;0;1
862;2018;1;30000;1
863;2018;1;8000;1
864;2018;1;0;1
360;2018;1;37000;1
452;2018;1;19000;3
453;2018;1;12003;1
454;2018;1;400;1
455;2018;1;0;1
456;2018;1;60000;1
527;2018;1;13000;1
528;2018;1;0;1
529;2018;1;25000;1
530;2018;1;0;1
531;2018;1;14000;1
532;2018;1;15000;1
616;2018;1;2200;1
617;2018;1;0;1
618;2018;1;12100;3
619;2018;1;0;1
620;2018;1;56000;1
621;2018;1;39000;3
704;2018;1;0;1
705;2018;1;50000;1
706;2018;1;0;1
707;2018;1;0;1
708;2018;1;34000;1
709;2018;1;14800;3
781;2018;1;0;1
1241;2018;1;37000;1
1242;2018;1;54000;1
1316;2018;1;15000;1
1317;2018;1;10000;1
1318;2018;1;120000;1
1319;2018;1;0;1
1320;2018;1;0;1
31;2018;1;10000;1
32;2018;1;2000;2
33;2018;1;0;1
34;2018;1;25000;1
35;2018;1;35000;1
36;2018;1;0;1
37;2018;1;70000;2
127;2018;1;0;1
128;2018;1;11000;1
129;2018;1;22000;1
130;2018;1;0;1
131;2018;1;7000;1
132;2018;1;9000;1
219;2018;1;0;1
220;2018;1;0;1
221;2018;1;25000;1
222;2018;1;30500;3
223;2018;1;5000;1
673;2018;1;20000;1
674;2018;1;42000;1
750;2018;1;71000;1
751;2018;1;3000;1
752;2018;1;6800;1
753;2018;1;21080;1
827;2018;1;48000;3
828;2018;1;0;1
829;2018;1;0;1
830;2018;1;0;2
831;2018;1;4300;1
832;2018;1;13000;1
917;2018;1;16000;2
918;2018;1;1200;1
919;2018;1;22600;1
920;2018;1;8000;1
998;2018;1;4000;1
999;2018;1;28700;1
1000;2018;1;0;1
1001;2018;1;0;1
1002;2018;1;9000;2
1003;2018;1;0;1
1004;2018;1;17000;3
1093;2018;1;24000;1
1094;2018;1;0;1
865;2018;1;5000;2
940;2018;1;0;1
941;2018;1;4000;3
942;2018;1;7200;1
943;2018;1;3500;1
944;2018;1;0;1
1029;2018;1;0;1
1030;2018;1;0;1
1031;2018;1;25000;1
1032;2018;1;80000;1
1121;2018;1;0;1
1122;2018;1;20000;1
1123;2018;1;0;1
1124;2018;1;0;1
1125;2018;1;19000;1
1126;2018;1;6000;1
1205;2018;1;9500;1
1206;2018;1;0;1
1207;2018;1;0;3
1208;2018;1;0;1
1209;2018;1;66000;2
1288;2018;1;0;1
1289;2018;1;0;2
1290;2018;1;15000;1
782;2018;1;12000;2
783;2018;1;34000;1
784;2018;1;0;1
785;2018;1;0;1
870;2018;1;8200;1
871;2018;1;24000;2
872;2018;1;35000;2
873;2018;1;20000;2
874;2018;1;11500;2
875;2018;1;101000;1
950;2018;1;51500;1
951;2018;1;30000;1
952;2018;1;22000;1
953;2018;1;39200;1
954;2018;1;0;1
1042;2018;1;15000;2
1043;2018;1;5000;2
1044;2018;1;1500;1
1045;2018;1;0;1
1133;2018;1;41000;1
1134;2018;1;0;1
1135;2018;1;0;1
1136;2018;1;20500;1
1137;2018;1;12000;3
1138;2018;1;8000;1
224;2018;1;0;1
296;2018;1;44000;1
297;2018;1;15000;2
298;2018;1;12400;1
299;2018;1;0;1
300;2018;1;5800;3
301;2018;1;10000;2
382;2018;1;0;1
383;2018;1;0;1
384;2018;1;12000;1
385;2018;1;25000;3
386;2018;1;0;1
387;2018;1;0;1
477;2018;1;40000;1
478;2018;1;0;1
479;2018;1;33000;1
480;2018;1;8000;1
481;2018;1;26500;2
482;2018;1;0;1
558;2018;1;10000;2
559;2018;1;0;1
560;2018;1;0;1
561;2018;1;400;1
562;2018;1;9000;1
646;2018;1;34000;1
1095;2018;1;3600;3
1096;2018;1;0;1
1097;2018;1;36500;1
1179;2018;1;0;1
1180;2018;1;0;1
1181;2018;1;20000;3
1182;2018;1;25000;1
1183;2018;1;12000;1
1261;2018;1;36500;2
1262;2018;1;0;1
1263;2018;1;38000;1
1345;2018;1;0;1
1346;2018;1;0;3
1347;2018;1;21000;1
1348;2018;1;0;1
1349;2018;1;8000;1
62;2018;1;0;1
63;2018;1;15000;1
64;2018;1;0;1
65;2018;1;0;1
66;2018;1;15000;1
67;2018;1;20000;1
68;2018;1;0;1
69;2018;1;0;1
70;2018;1;39000;1
1999;2018;1;23000;1
2088;2018;1;8800;2
2089;2018;1;0;3
2090;2018;1;0;1
2091;2018;1;0;1
2092;2018;1;19000;3
2182;2018;1;0;1
2183;2018;1;0;2
2184;2018;1;0;1
2185;2018;1;0;1
2186;2018;1;0;1
2187;2018;1;0;1
2188;2018;1;0;1
2266;2018;1;4800;1
2267;2018;1;7000;1
2268;2018;1;4500;1
2269;2018;1;43000;1
2353;2018;1;25000;1
2354;2018;1;20000;1
2355;2018;1;14500;1
2356;2018;1;15000;1
2357;2018;1;8000;1
2453;2018;1;24000;1
2454;2018;1;0;1
2455;2018;1;0;1
1215;2018;1;0;1
1216;2018;1;4000;1
1217;2018;1;0;1
1218;2018;1;0;1
1297;2018;1;18000;1
1298;2018;1;0;1
1299;2018;1;0;1
1300;2018;1;0;1
1301;2018;1;0;1
9;2018;1;40000;2
10;2018;1;0;1
11;2018;1;29000;3
12;2018;1;0;1
13;2018;1;12000;1
14;2018;1;0;1
108;2018;1;28000;1
109;2018;1;0;1
110;2018;1;30400;1
111;2018;1;17000;2
112;2018;1;18000;1
113;2018;1;0;1
194;2018;1;20000;3
195;2018;1;31000;2
196;2018;1;0;1
197;2018;1;30000;1
647;2018;1;0;1
648;2018;1;27000;1
649;2018;1;0;1
650;2018;1;6750;3
732;2018;1;41000;1
733;2018;1;23000;1
734;2018;1;10000;1
806;2018;1;4000;1
807;2018;1;0;1
808;2018;1;20000;2
809;2018;1;0;1
897;2018;1;0;1
898;2018;1;30000;1
899;2018;1;57000;1
900;2018;1;0;1
901;2018;1;0;2
903;2018;1;13500;1
979;2018;1;0;1
980;2018;1;30000;2
981;2018;1;0;2
982;2018;1;0;1
983;2018;1;6000;1
1068;2018;1;0;2
1069;2018;1;0;1
156;2018;1;0;1
157;2018;1;15000;3
158;2018;1;73000;1
159;2018;1;0;1
245;2018;1;29000;1
246;2018;1;0;2
247;2018;1;42000;1
248;2018;1;10800;1
324;2018;1;0;1
325;2018;1;13000;1
326;2018;1;20000;1
327;2018;1;0;1
328;2018;1;19000;1
329;2018;1;31000;2
330;2018;1;7300;2
414;2018;1;6000;1
415;2018;1;10000;1
416;2018;1;10000;1
417;2018;1;16000;1
418;2018;1;0;1
501;2018;1;0;1
502;2018;1;19000;1
503;2018;1;0;1
504;2018;1;0;1
586;2018;1;0;1
2456;2018;1;30000;1
2457;2018;1;50000;1
2548;2018;1;15000;1
2549;2018;1;0;1
2550;2018;1;0;1
2551;2018;1;15000;1
2552;2018;1;0;1
2553;2018;1;9700;1
2641;2018;1;20000;1
2642;2018;1;400;1
2643;2018;1;2000;1
2644;2018;1;30000;1
2645;2018;1;17000;1
2646;2018;1;0;3
2647;2018;1;20000;1
2648;2018;1;0;1
2741;2018;1;0;1
2742;2018;1;25500;1
2743;2018;1;30000;1
2744;2018;1;0;1
2745;2018;1;0;1
2746;2018;1;25000;1
2834;2018;1;0;1
198;2018;1;7000;1
275;2018;1;28000;1
276;2018;1;0;1
277;2018;1;30000;1
361;2018;1;57000;1
362;2018;1;8000;1
363;2018;1;23600;2
364;2018;1;24000;1
457;2018;1;0;3
458;2018;1;0;1
459;2018;1;0;1
460;2018;1;0;1
461;2018;1;0;1
533;2018;1;24000;1
534;2018;1;13000;3
535;2018;1;600;1
536;2018;1;25000;2
537;2018;1;0;1
538;2018;1;18000;3
539;2018;1;0;1
622;2018;1;8200;3
623;2018;1;5000;3
624;2018;1;60000;3
625;2018;1;19000;1
626;2018;1;4000;1
1070;2018;1;3000;1
1071;2018;1;25000;1
1072;2018;1;0;3
1073;2018;1;16500;1
1156;2018;1;0;1
1157;2018;1;20000;1
1158;2018;1;0;1
1159;2018;1;20000;2
1160;2018;1;0;1
1243;2018;1;12000;1
1244;2018;1;10000;1
1245;2018;1;15500;1
1246;2018;1;0;1
1247;2018;1;50000;1
1321;2018;1;16000;1
1322;2018;1;0;1
1323;2018;1;0;1
1324;2018;1;0;1
1325;2018;1;0;3
1326;2018;1;35000;1
1327;2018;1;55000;3
38;2018;1;0;3
39;2018;1;0;1
40;2018;1;0;2
41;2018;1;18000;1
587;2018;1;22000;3
588;2018;1;5000;1
589;2018;1;0;3
590;2018;1;20000;1
675;2018;1;0;1
676;2018;1;0;1
677;2018;1;15000;1
754;2018;1;30000;3
755;2018;1;39000;3
756;2018;1;35000;1
757;2018;1;0;1
758;2018;1;50000;2
833;2018;1;0;1
834;2018;1;0;1
835;2018;1;18000;1
836;2018;1;24000;1
837;2018;1;45600;1
838;2018;1;35000;1
839;2018;1;0;1
840;2018;1;16000;2
921;2018;1;23000;2
922;2018;1;85000;1
923;2018;1;7000;1
924;2018;1;5000;1
925;2018;1;141000;1
2836;2018;1;22000;3
2924;2018;1;0;1
2925;2018;1;31000;1
2926;2018;1;128000;1
3001;2018;1;0;1
3002;2018;1;12000;1
3003;2018;1;0;1
3004;2018;1;0;2
3005;2018;1;30000;1
3006;2018;1;18000;2
3007;2018;1;0;1
1618;2018;1;16000;1
1619;2018;1;0;2
1620;2018;1;27000;2
1621;2018;1;2000;1
1622;2018;1;27000;1
1623;2018;1;21600;1
1715;2018;1;0;1
1716;2018;1;0;1
1717;2018;1;67000;1
1718;2018;1;52500;1
1811;2018;1;18000;1
1812;2018;1;31000;1
1813;2018;1;17000;1
711;2018;1;17000;1
712;2018;1;29000;3
713;2018;1;4500;1
786;2018;1;30000;1
787;2018;1;34000;2
788;2018;1;0;3
789;2018;1;4000;1
790;2018;1;0;3
791;2018;1;12500;2
876;2018;1;52000;1
877;2018;1;12000;3
878;2018;1;10000;1
879;2018;1;0;1
880;2018;1;60000;1
955;2018;1;15000;1
956;2018;1;62000;1
957;2018;1;0;1
958;2018;1;0;1
959;2018;1;0;1
960;2018;1;2000;2
1046;2018;1;90000;1
1047;2018;1;0;3
1048;2018;1;23000;2
1049;2018;1;28000;1
42;2018;1;14000;1
43;2018;1;23000;2
44;2018;1;0;1
45;2018;1;10000;2
133;2018;1;50000;1
134;2018;1;18000;3
135;2018;1;30000;1
136;2018;1;0;1
137;2018;1;3000;1
225;2018;1;34000;1
226;2018;1;15500;1
227;2018;1;0;1
302;2018;1;25000;3
303;2018;1;1500;1
304;2018;1;0;1
388;2018;1;10000;1
389;2018;1;24000;3
390;2018;1;0;1
391;2018;1;0;1
392;2018;1;0;1
393;2018;1;0;1
394;2018;1;38000;1
483;2018;1;12000;2
484;2018;1;24000;1
485;2018;1;8000;1
926;2018;1;95000;1
1005;2018;1;0;2
1006;2018;1;35000;2
1007;2018;1;0;1
1008;2018;1;30000;1
1009;2018;1;2000;1
1098;2018;1;2000;1
1099;2018;1;9700;1
1100;2018;1;3600;1
1101;2018;1;13000;2
1102;2018;1;0;1
1103;2018;1;4000;1
1184;2018;1;15000;1
1185;2018;1;8000;1
1186;2018;1;55000;2
1187;2018;1;25000;2
1188;2018;1;12000;1
1264;2018;1;3000;1
1265;2018;1;10000;2
1266;2018;1;20000;3
1267;2018;1;0;1
1268;2018;1;0;1
1269;2018;1;43000;1
1350;2018;1;0;1
1351;2018;1;10000;1
1814;2018;1;0;1
1897;2018;1;28200;1
1898;2018;1;22900;1
1899;2018;1;25000;1
1900;2018;1;10000;1
2000;2018;1;0;1
2001;2018;1;0;1
2002;2018;1;15000;3
2003;2018;1;33000;1
2004;2018;1;0;2
2093;2018;1;0;1
2094;2018;1;0;1
2095;2018;1;0;1
2096;2018;1;0;1
2097;2018;1;30000;1
2098;2018;1;26500;1
2189;2018;1;12000;1
2190;2018;1;0;1
2191;2018;1;27000;1
2192;2018;1;0;3
2193;2018;1;34500;3
2270;2018;1;0;1
2271;2018;1;11000;1
2272;2018;1;0;2
2273;2018;1;5000;3
1050;2018;1;22000;1
1139;2018;1;19800;2
1140;2018;1;0;1
1141;2018;1;0;1
1219;2018;1;30000;1
1220;2018;1;0;1
1221;2018;1;0;1
1222;2018;1;30000;2
1223;2018;1;0;1
1224;2018;1;37000;1
1302;2018;1;0;1
1303;2018;1;0;1
1304;2018;1;0;1
1305;2018;1;56000;2
1306;2018;1;0;1
15;2018;1;30000;1
16;2018;1;37000;2
17;2018;1;29000;1
18;2018;1;29600;1
114;2018;1;17000;1
115;2018;1;1200;1
116;2018;1;4000;3
199;2018;1;19000;1
200;2018;1;18000;1
201;2018;1;0;1
486;2018;1;0;1
563;2018;1;15000;1
564;2018;1;20000;2
565;2018;1;17000;1
566;2018;1;15000;1
567;2018;1;0;1
568;2018;1;0;1
651;2018;1;28800;1
652;2018;1;18000;3
653;2018;1;18000;1
654;2018;1;0;1
655;2018;1;7200;1
656;2018;1;5000;1
657;2018;1;0;3
735;2018;1;24000;3
736;2018;1;8000;3
737;2018;1;0;1
738;2018;1;0;1
810;2018;1;5000;1
811;2018;1;0;1
812;2018;1;47000;1
813;2018;1;0;1
814;2018;1;20000;1
815;2018;1;15000;1
904;2018;1;0;1
1352;2018;1;45000;1
1353;2018;1;52100;2
71;2018;1;23500;2
72;2018;1;4000;1
73;2018;1;0;1
74;2018;1;0;1
75;2018;1;0;3
76;2018;1;0;1
77;2018;1;0;1
78;2018;1;0;1
160;2018;1;4500;1
161;2018;1;5000;3
162;2018;1;0;1
163;2018;1;34600;1
164;2018;1;0;2
165;2018;1;0;1
166;2018;1;26000;1
249;2018;1;18000;1
250;2018;1;0;3
251;2018;1;21000;1
331;2018;1;9000;1
332;2018;1;0;1
333;2018;1;56000;1
334;2018;1;80000;1
419;2018;1;12000;2
2274;2018;1;0;2
2275;2018;1;16000;2
2358;2018;1;9000;1
2359;2018;1;0;1
2360;2018;1;0;1
2361;2018;1;21600;1
2362;2018;1;7000;1
2363;2018;1;0;1
2458;2018;1;62000;1
2459;2018;1;14000;2
2460;2018;1;0;2
2461;2018;1;0;1
2462;2018;1;33000;1
2463;2018;1;12000;1
2554;2018;1;0;2
2555;2018;1;13600;1
2556;2018;1;34000;1
2557;2018;1;8000;1
2558;2018;1;2400;1
2559;2018;1;10000;2
2560;2018;1;27000;2
2649;2018;1;27000;1
2650;2018;1;17000;1
2651;2018;1;0;1
2652;2018;1;22000;2
202;2018;1;0;1
203;2018;1;3200;1
204;2018;1;0;3
205;2018;1;13000;1
278;2018;1;0;2
279;2018;1;48000;1
280;2018;1;10000;2
281;2018;1;26900;1
282;2018;1;6500;1
283;2018;1;0;1
284;2018;1;45000;1
285;2018;1;0;1
286;2018;1;0;1
365;2018;1;20000;2
366;2018;1;13000;1
367;2018;1;45000;1
368;2018;1;0;1
369;2018;1;10000;1
462;2018;1;7200;2
463;2018;1;12000;1
464;2018;1;16000;1
465;2018;1;30000;1
466;2018;1;7000;1
540;2018;1;0;1
541;2018;1;0;1
905;2018;1;5000;1
906;2018;1;19000;2
907;2018;1;30000;2
908;2018;1;18000;1
984;2018;1;20000;1
985;2018;1;5600;1
986;2018;1;0;3
987;2018;1;5000;1
988;2018;1;0;1
1074;2018;1;9500;1
1075;2018;1;46000;2
1076;2018;1;0;1
1077;2018;1;0;1
1078;2018;1;12500;3
1079;2018;1;47000;1
1161;2018;1;19000;1
1162;2018;1;3000;1
1163;2018;1;6000;3
1164;2018;1;4000;1
1165;2018;1;0;1
1166;2018;1;5000;1
1248;2018;1;0;1
1249;2018;1;43000;1
1250;2018;1;0;1
1251;2018;1;11200;1
420;2018;1;800;1
421;2018;1;0;1
422;2018;1;14900;3
423;2018;1;0;1
424;2018;1;0;1
425;2018;1;0;2
426;2018;1;25980;1
505;2018;1;28500;1
506;2018;1;7800;1
507;2018;1;10000;1
591;2018;1;22000;1
592;2018;1;0;3
594;2018;1;0;1
595;2018;1;0;1
678;2018;1;20000;1
679;2018;1;0;1
680;2018;1;1600;1
681;2018;1;80000;1
759;2018;1;15000;1
760;2018;1;32400;1
761;2018;1;0;1
762;2018;1;7000;1
841;2018;1;0;1
842;2018;1;15150;1
2653;2018;1;37000;2
2747;2018;1;22000;1
2748;2018;1;5000;2
2749;2018;1;16000;1
2750;2018;1;0;1
2751;2018;1;20000;1
2837;2018;1;16000;1
2838;2018;1;20000;1
2839;2018;1;0;1
2840;2018;1;0;1
2927;2018;1;0;1
2928;2018;1;15000;2
2929;2018;1;0;1
2930;2018;1;6000;1
2931;2018;1;43000;1
3008;2018;1;0;3
3009;2018;1;0;1
3010;2018;1;20000;2
3011;2018;1;55000;2
3012;2018;1;0;1
3013;2018;1;0;1
3014;2018;1;19000;1
1624;2018;1;0;1
1625;2018;1;44000;1
1626;2018;1;0;3
542;2018;1;15000;2
543;2018;1;20000;3
544;2018;1;0;1
545;2018;1;22000;1
627;2018;1;22000;1
628;2018;1;53000;1
629;2018;1;0;1
630;2018;1;0;1
631;2018;1;25000;1
632;2018;1;0;1
633;2018;1;0;1
714;2018;1;44000;1
715;2018;1;0;1
716;2018;1;12500;2
717;2018;1;28000;3
718;2018;1;30000;1
719;2018;1;30000;1
792;2018;1;40000;1
793;2018;1;0;1
794;2018;1;18000;1
795;2018;1;75000;2
881;2018;1;0;3
882;2018;1;11800;1
883;2018;1;42200;1
884;2018;1;14000;1
1252;2018;1;36000;1
1328;2018;1;23000;3
1329;2018;1;6000;1
1330;2018;1;1000;1
1331;2018;1;0;1
1332;2018;1;5000;1
1333;2018;1;0;1
46;2018;1;0;1
48;2018;1;0;1
49;2018;1;0;3
50;2018;1;0;1
138;2018;1;0;1
139;2018;1;26000;1
140;2018;1;10000;3
141;2018;1;8500;1
142;2018;1;7000;1
143;2018;1;0;1
228;2018;1;0;1
229;2018;1;27000;1
230;2018;1;42500;2
231;2018;1;6400;3
232;2018;1;0;1
305;2018;1;0;1
306;2018;1;20000;1
843;2018;1;0;1
844;2018;1;0;1
845;2018;1;10000;2
846;2018;1;0;1
847;2018;1;63000;2
927;2018;1;16500;1
928;2018;1;20000;1
929;2018;1;0;1
930;2018;1;10000;1
931;2018;1;6000;1
1010;2018;1;0;1
1011;2018;1;12000;1
1012;2018;1;0;1
1013;2018;1;30000;1
1014;2018;1;0;3
1015;2018;1;0;1
1016;2018;1;34000;2
1017;2018;1;25000;1
1104;2018;1;19500;1
1105;2018;1;0;1
1106;2018;1;0;1
1107;2018;1;0;3
1108;2018;1;24000;1
1109;2018;1;10000;1
1189;2018;1;16000;1
1627;2018;1;20000;1
1628;2018;1;75000;2
1629;2018;1;0;1
1719;2018;1;43000;1
1720;2018;1;10000;1
1721;2018;1;0;1
1722;2018;1;0;1
1723;2018;1;0;3
1724;2018;1;14000;3
1815;2018;1;11000;1
1816;2018;1;34600;2
1817;2018;1;50000;3
1818;2018;1;26000;1
1819;2018;1;0;1
1901;2018;1;45000;3
1902;2018;1;0;1
1903;2018;1;22000;1
1904;2018;1;21000;3
1905;2018;1;0;1
2005;2018;1;0;1
2006;2018;1;2000;2
2007;2018;1;0;2
2008;2018;1;31200;2
2010;2018;1;5000;1
885;2018;1;14000;1
961;2018;1;3800;1
962;2018;1;12000;3
963;2018;1;2000;2
964;2018;1;9000;1
965;2018;1;0;1
1051;2018;1;0;1
1052;2018;1;20000;3
1053;2018;1;0;1
1054;2018;1;0;1
1055;2018;1;0;1
1056;2018;1;13900;1
1057;2018;1;0;2
1142;2018;1;0;3
1143;2018;1;36000;1
1144;2018;1;27400;2
1145;2018;1;0;2
1146;2018;1;9500;1
1225;2018;1;0;1
1226;2018;1;0;1
1227;2018;1;23620;2
1228;2018;1;40000;2
1229;2018;1;40000;1
1230;2018;1;60000;1
1231;2018;1;0;1
308;2018;1;0;1
309;2018;1;19000;1
310;2018;1;14000;1
311;2018;1;7000;1
312;2018;1;0;3
395;2018;1;10000;1
396;2018;1;21000;3
397;2018;1;16000;1
398;2018;1;0;1
399;2018;1;6000;1
400;2018;1;20000;1
487;2018;1;38000;1
488;2018;1;0;1
489;2018;1;14000;1
569;2018;1;12000;3
570;2018;1;20000;1
571;2018;1;27000;1
572;2018;1;0;1
573;2018;1;0;1
574;2018;1;18000;1
658;2018;1;0;1
659;2018;1;1600;2
660;2018;1;60000;1
661;2018;1;5000;1
1190;2018;1;41000;2
1191;2018;1;0;1
1192;2018;1;12000;1
1193;2018;1;0;2
1270;2018;1;15000;1
1271;2018;1;0;2
1272;2018;1;0;1
1273;2018;1;0;3
1274;2018;1;0;3
1275;2018;1;85000;1
1354;2018;1;0;3
1355;2018;1;48000;2
1356;2018;1;50000;1
1357;2018;1;0;1
1358;2018;1;0;1
79;2018;1;0;1
80;2018;1;0;1
81;2018;1;0;1
82;2018;1;47000;1
83;2018;1;8400;1
84;2018;1;33000;1
167;2018;1;16000;1
168;2018;1;0;1
170;2018;1;7000;1
2011;2018;1;0;1
2099;2018;1;0;3
2100;2018;1;13000;2
2101;2018;1;0;1
2102;2018;1;10000;1
2194;2018;1;21000;1
2195;2018;1;4000;1
2196;2018;1;7000;1
2197;2018;1;14000;1
2276;2018;1;55000;1
2277;2018;1;23800;1
2278;2018;1;0;1
2279;2018;1;5500;1
2364;2018;1;20000;1
2365;2018;1;27000;1
2366;2018;1;0;1
2367;2018;1;0;1
2368;2018;1;17000;2
2464;2018;1;68000;1
2465;2018;1;0;1
2466;2018;1;18000;2
2467;2018;1;25000;2
2468;2018;1;0;1
2469;2018;1;30000;1
1307;2018;1;15000;1
1308;2018;1;0;1
1309;2018;1;0;1
1310;2018;1;22000;1
1311;2018;1;4000;1
19;2018;1;18000;1
20;2018;1;16448;2
21;2018;1;0;1
22;2018;1;10000;1
23;2018;1;0;1
24;2018;1;31000;2
117;2018;1;14000;1
118;2018;1;0;1
119;2018;1;0;1
120;2018;1;0;1
121;2018;1;0;3
122;2018;1;26000;1
123;2018;1;37000;3
206;2018;1;0;1
207;2018;1;0;1
208;2018;1;7500;2
209;2018;1;0;1
210;2018;1;46000;1
211;2018;1;0;1
287;2018;1;0;1
662;2018;1;0;1
663;2018;1;0;1
739;2018;1;56000;1
740;2018;1;0;1
741;2018;1;36000;1
742;2018;1;24000;1
743;2018;1;18000;1
816;2018;1;3240;1
817;2018;1;0;1
818;2018;1;0;1
819;2018;1;7000;1
820;2018;1;12000;3
821;2018;1;1000;1
909;2018;1;0;2
910;2018;1;16000;3
911;2018;1;41000;1
912;2018;1;20000;1
913;2018;1;100000;2
989;2018;1;15000;2
990;2018;1;0;1
991;2018;1;0;1
992;2018;1;20000;1
993;2018;1;0;1
994;2018;1;4000;1
1080;2018;1;7000;1
171;2018;1;0;1
172;2018;1;0;1
252;2018;1;4000;1
253;2018;1;0;1
254;2018;1;38000;1
255;2018;1;0;1
335;2018;1;0;3
336;2018;1;0;3
337;2018;1;0;1
338;2018;1;14000;1
339;2018;1;15000;1
427;2018;1;12000;1
428;2018;1;0;3
429;2018;1;0;1
430;2018;1;13000;1
431;2018;1;14000;1
432;2018;1;6000;1
508;2018;1;3000;1
509;2018;1;0;3
510;2018;1;26000;1
511;2018;1;11000;1
512;2018;1;0;2
596;2018;1;0;1
597;2018;1;0;1
