954;2017;1;1;2;1;71;1;2;60;40131;40000
955;2017;1;0;2;2;79;0;0;-1;-1;0
955;2017;2;0;2;1;17;0;0;-1;-1;0
955;2017;3;0;2;1;21;0;0;-1;-1;0
956;2017;1;1;2;2;57;1;2;0;30133;-1
956;2017;2;1;2;1;58;0;0;-1;-1;0
956;2017;3;1;2;1;29;1;3;40;10333;-1
956;2017;4;1;2;1;25;1;3;40;10333;-1
348;2017;1;0;2;1;69;0;0;-1;-1;0
476;2017;1;0;2;2;27;1;3;42;53314;14000
476;2017;2;0;2;1;35;0;2;-1;-1;0
476;2017;3;0;2;2;17;0;0;-1;-1;0
931;2017;1;0;2;1;72;0;0;-1;-1;0
410;2017;1;0;2;1;75;0;0;-1;-1;0
745;2017;1;1;2;2;58;0;2;-1;-1;0
745;2017;2;1;2;2;52;1;3;60;7001;-1
745;2017;3;0;2;1;18;0;0;-1;-1;0
379;2017;1;1;2;2;60;0;0;-1;-1;0
379;2017;2;0;2;1;72;0;0;-1;-1;0
957;2017;1;0;2;1;35;1;3;40;30332;8000
958;2017;1;0;2;2;89;0;0;-1;-1;0
959;2017;1;1;2;1;64;1;3;0;41312;25000
960;2017;1;0;2;1;51;1;3;4;55314;1280
960;2017;2;0;2;1;20;1;3;60;53314;7000
960;2017;3;0;2;2;19;0;0;-1;-1;0
961;2017;1;1;2;1;31;1;3;45;30331;30000
961;2017;2;1;2;1;30;1;3;30;40311;15000
962;2017;1;1;2;1;71;1;3;12;10333;7000
962;2017;2;1;2;1;73;0;0;-1;-1;0
942;2017;1;0;2;2;76;0;0;-1;-1;0
880;2017;1;1;2;1;42;1;3;36;40331;30000
880;2017;2;1;2;2;42;1;1;32;5002;70000
880;2017;3;0;2;2;4;0;0;-1;-1;0
880;2017;4;0;2;2;1;0;0;-1;-1;0
963;2017;2;1;2;2;38;1;3;40;41331;20000
963;2017;1;1;2;2;51;1;3;20;10333;11000
78;2017;1;1;2;2;61;1;3;6;10333;2600
78;2017;2;1;2;2;32;1;3;45;20331;-1
964;2017;1;0;2;2;38;1;2;24;57113;16000
964;2017;2;1;2;1;42;1;3;40;41312;20000
964;2017;3;0;2;1;4;0;0;-1;-1;0
964;2017;4;0;2;1;16;0;0;-1;-1;0
660;2017;1;1;2;1;51;1;3;40;10333;-1
660;2017;2;1;2;2;49;0;0;-1;-1;0
660;2017;3;1;2;2;23;1;3;40;41312;-1
660;2017;4;0;2;2;19;0;0;-1;-1;0
660;2017;5;0;2;1;85;0;0;-1;-1;0
965;2017;1;1;2;2;57;1;2;45;20131;50000
965;2017;2;0;2;1;20;1;2;45;30133;7000
393;2017;1;0;2;1;64;1;3;40;92332;-1
393;2017;2;0;2;1;64;0;0;-1;-1;0
393;2017;3;0;2;1;14;0;0;-1;-1;0
966;2017;2;0;2;2;56;1;2;48;30113;-1
966;2017;3;0;2;1;61;1;2;54;80123;-1
966;2017;1;0;2;1;22;1;2;15;30133;8500
32;2017;1;0;2;2;60;1;3;54;34323;16000
32;2017;2;0;2;2;59;1;3;49;30314;14000
32;2017;3;0;2;2;25;1;3;40;20332;13000
967;2017;1;0;2;2;51;1;2;25;41112;5000
968;2017;1;0;2;1;59;1;2;16;72113;8000
968;2017;2;0;2;2;59;0;2;-1;-1;0
968;2017;3;0;2;2;16;0;0;-1;-1;0
969;2017;1;0;2;1;63;1;3;40;10333;30000
281;2017;1;1;2;1;34;1;3;45;20331;40000
281;2017;2;0;2;1;26;0;0;-1;-1;0
970;2017;1;0;2;2;36;1;2;56;30113;5000
970;2017;2;0;2;2;40;1;3;46;47313;10000
970;2017;3;0;2;2;7;0;0;-1;-1;0
970;2017;4;0;2;1;10;0;0;-1;-1;0
971;2017;1;0;2;2;66;1;2;12;82113;-1
971;2017;2;0;2;2;66;0;0;-1;-1;0
972;2017;1;1;2;1;60;1;3;40;7001;35000
972;2017;2;1;2;2;56;1;3;30;41312;10000
316;2017;1;0;2;2;51;1;3;40;30333;10000
316;2017;2;0;2;1;51;1;2;8;53113;2000
973;2017;1;0;2;2;76;0;0;-1;-1;0
973;2017;2;1;2;2;47;1;3;40;40331;17000
973;2017;3;0;2;2;45;1;3;28;40313;16000
533;2017;1;0;2;2;60;1;1;40;5002;40000
533;2017;2;1;2;1;54;0;0;-1;-1;0
686;2017;1;0;2;1;61;0;0;-1;-1;0
686;2017;2;0;2;2;42;0;0;-1;-1;0
975;2017;1;0;2;1;65;1;2;31;32132;11000
158;2017;2;0;2;2;28;1;3;40;42311;18000
158;2017;1;0;2;2;33;1;1;48;5002;20000
976;2017;1;0;2;2;35;1;2;48;72113;15000
976;2017;2;0;2;2;30;0;0;-1;-1;0
976;2017;3;0;2;1;10;0;0;-1;-1;0
976;2017;4;0;2;2;6;0;0;-1;-1;0
976;2017;5;0;2;1;39;1;3;25;80323;10000
976;2017;6;0;2;1;33;1;3;48;80323;13500
977;2017;1;0;2;2;35;1;3;72;30314;0
977;2017;2;0;2;1;9;0;0;-1;-1;0
977;2017;3;0;2;1;5;0;0;-1;-1;0
629;2017;2;0;2;2;43;1;2;10;80113;4500
521;2017;1;0;2;2;69;0;0;-1;-1;0
978;2017;1;1;2;1;50;1;3;20;30333;0
978;2017;2;0;2;1;54;0;0;-1;-1;0
978;2017;3;0;2;1;19;0;0;-1;-1;0
978;2017;4;0;2;2;16;0;0;-1;-1;0
980;2017;1;0;2;1;47;1;2;999;10133;-1
980;2017;2;0;2;1;44;0;0;-1;-1;0
980;2017;3;0;2;2;20;0;0;-1;-1;0
980;2017;4;0;2;2;15;0;0;-1;-1;0
981;2017;1;0;2;1;48;0;0;-1;-1;0
981;2017;2;1;2;1;49;1;2;55;30113;-1
981;2017;3;1;2;1;24;1;3;55;99999;-1
981;2017;4;0;2;1;13;0;0;-1;-1;0
981;2017;5;0;2;1;17;0;0;-1;-1;0
982;2017;1;1;2;1;85;0;0;-1;-1;0
982;2017;2;1;2;1;77;0;0;-1;-1;0
313;2017;1;1;2;1;52;1;3;25;41332;17000
313;2017;2;1;2;1;53;1;3;45;20202;30000
313;2017;3;0;2;2;27;0;0;-1;-1;0
313;2017;4;0;2;1;21;0;0;-1;-1;0
983;2017;2;1;2;2;63;1;3;0;41311;30000
983;2017;1;1;2;2;64;1;2;60;72131;15000
487;2017;1;1;2;1;52;1;1;56;6001;40000
487;2017;2;1;2;2;38;1;3;20;41312;13000
487;2017;3;0;2;2;5;0;0;-1;-1;0
874;2017;1;0;2;2;65;1;3;40;45332;30000
984;2017;1;0;2;1;79;0;0;-1;-1;0
984;2017;2;0;2;1;74;0;0;-1;-1;0
985;2017;1;0;2;2;67;1;1;11;5002;7000
985;2017;2;0;2;2;67;0;0;-1;-1;0
985;2017;3;1;2;1;26;1;3;40;20331;12000
986;2017;1;0;2;1;21;0;0;-1;-1;0
986;2017;2;0;2;2;23;0;0;-1;-1;0
987;2017;1;0;2;1;44;1;2;60;33114;5000
987;2017;2;0;2;1;44;1;3;5;55314;1600
987;2017;3;0;2;1;14;0;0;-1;-1;0
988;2017;1;0;2;1;42;1;3;40;20332;-1
988;2017;2;1;2;2;44;1;3;40;30333;-1
988;2017;3;0;2;1;18;0;0;-1;-1;0
988;2017;4;0;2;1;1;0;0;-1;-1;0
989;2017;1;0;2;1;54;1;3;40;20332;31000
991;2017;1;0;2;1;75;0;0;-1;-1;0
991;2017;2;0;2;2;39;1;2;10;82112;10000
992;2017;1;1;2;1;64;0;0;-1;-1;0
932;2017;1;1;2;2;56;1;3;50;45332;-1
932;2017;2;0;2;2;23;0;0;-1;-1;0
932;2017;3;1;2;2;59;1;3;40;10333;15000
993;2017;1;1;2;1;41;1;3;24;40311;28000
993;2017;2;0;2;1;10;0;0;-1;-1;0
993;2017;3;0;2;1;6;0;0;-1;-1;0
229;2017;1;0;2;1;56;1;3;32;10333;20000
229;2017;2;0;2;1;49;1;3;32;20333;38000
229;2017;3;0;2;1;21;1;3;32;10333;16000
229;2017;4;0;2;2;18;0;0;-1;-1;0
229;2017;5;0;2;1;11;0;0;-1;-1;0
229;2017;6;0;2;1;9;0;0;-1;-1;0
994;2017;1;0;2;2;60;1;3;25;57313;10000
400;2017;1;0;2;2;44;1;3;45;92332;20000
400;2017;2;0;2;1;42;0;0;-1;-1;0
400;2017;3;0;2;1;17;0;0;-1;-1;0
400;2017;4;0;2;1;17;0;0;-1;-1;0
995;2017;1;0;2;1;27;1;3;11;50311;3000
995;2017;2;0;2;2;26;1;2;0;41112;1400
919;2017;1;0;2;1;70;0;0;-1;-1;0
919;2017;2;0;2;1;56;1;2;20;80123;3000
919;2017;3;0;2;1;23;0;0;-1;-1;0
262;2017;1;0;2;1;47;1;1;45;7001;20000
996;2017;1;1;2;1;65;1;2;35;40111;-1
997;2017;1;0;2;2;62;1;3;48;30332;25000
997;2017;2;1;2;1;67;0;0;-1;-1;0
999;2017;1;1;2;1;76;0;0;-1;-1;0
394;2017;1;1;2;1;41;1;1;30;5001;-1
394;2017;2;1;2;1;51;1;3;40;82313;20000
394;2017;3;0;2;2;7;0;0;-1;-1;0
394;2017;4;0;2;1;5;0;0;-1;-1;0
394;2017;5;0;2;1;1;0;0;-1;-1;0
125;2017;1;1;2;2;50;1;3;25;10333;11000
125;2017;2;0;2;2;53;1;3;60;80313;20000
125;2017;3;0;2;2;19;0;3;-1;-1;0
125;2017;4;0;2;1;16;0;0;-1;-1;0
1000;2017;1;0;2;1;31;1;3;70;10333;-1
1000;2017;2;1;2;2;30;1;3;25;41332;-1
118;2017;1;1;2;2;77;0;0;-1;-1;0
1002;2017;1;0;2;2;47;1;3;42;53312;24000
242;2017;1;0;2;2;38;1;1;40;5001;35000
242;2017;2;1;2;2;38;0;0;-1;-1;0
242;2017;3;0;2;2;2;0;0;-1;-1;0
1003;2017;1;1;2;2;73;0;0;-1;-1;0
693;2017;1;1;2;2;23;1;2;38;45132;10000
204;2017;1;0;2;2;35;1;2;60;10132;-1
204;2017;2;0;2;2;37;1;3;48;10333;-1
204;2017;3;0;2;2;13;0;0;-1;-1;0
204;2017;4;0;2;2;8;0;0;-1;-1;0
204;2017;5;0;2;2;5;0;0;-1;-1;0
560;2017;1;0;2;2;38;1;3;48;32314;16000
560;2017;2;0;2;1;38;1;3;12;55314;2500
560;2017;3;0;2;2;17;1;3;20;20313;7000
560;2017;4;0;2;1;13;0;0;-1;-1;0
560;2017;5;0;2;2;9;0;0;-1;-1;0
1005;2017;1;0;2;1;41;1;3;48;99997;25000
1005;2017;2;0;2;1;35;0;0;-1;-1;0
1005;2017;3;0;2;1;2;0;0;-1;-1;0
1006;2017;1;0;2;2;46;1;1;9;5002;4000
1006;2017;2;0;2;1;51;1;2;44;72113;15000
1006;2017;3;1;2;2;24;0;0;-1;-1;0
1006;2017;4;0;2;2;8;0;0;-1;-1;0
331;2017;1;0;2;2;43;1;2;32;10113;-1
331;2017;2;1;2;1;40;1;3;45;7001;-1
1008;2017;1;0;2;2;80;1;2;12;80123;10000
1008;2017;2;0;2;1;77;0;0;-1;-1;0
1009;2017;1;0;2;2;47;1;3;40;80313;12000
1009;2017;2;0;2;2;41;1;3;10;55314;5000
1009;2017;3;0;2;1;14;0;0;-1;-1;0
1010;2017;1;1;2;1;27;1;3;40;10333;17000
1010;2017;2;0;2;2;24;1;3;40;20333;12000
1011;2017;1;0;2;1;31;1;3;48;53314;14000
99;2017;1;1;2;1;46;1;3;35;10333;-1
99;2017;2;0;2;1;16;0;0;-1;-1;0
99;2017;3;0;2;2;15;0;0;-1;-1;0
1012;2017;1;0;2;2;47;1;3;40;55314;3500
1012;2017;2;0;2;2;49;1;3;32;72314;4000
1012;2017;3;0;2;1;69;0;0;-1;-1;0
1013;2017;1;0;2;1;57;1;3;48;10333;-1
1013;2017;2;0;2;1;54;0;0;-1;-1;0
1013;2017;3;0;2;1;21;1;3;36;10333;-1
304;2017;1;1;2;2;43;1;3;58;30332;-1
304;2017;2;1;2;1;42;0;3;-1;-1;0
304;2017;3;0;2;1;12;0;0;-1;-1;0
304;2017;4;0;2;2;6;0;0;-1;-1;0
304;2017;5;0;2;2;10;0;0;-1;-1;0
1014;2017;1;0;2;2;76;0;0;-1;-1;0
1014;2017;2;0;2;2;75;0;0;-1;-1;0
903;2017;1;0;2;1;69;0;0;-1;-1;0
903;2017;2;0;2;1;59;0;0;-1;-1;0
903;2017;4;0;2;1;21;1;3;28;57314;5000
1015;2017;1;1;2;2;35;1;3;40;10333;20000
1015;2017;2;1;2;2;32;1;3;20;41332;12000
1016;2017;1;1;2;1;53;1;3;40;40312;20000
1017;2017;1;0;2;1;71;0;0;-1;-1;0
1018;2017;1;1;2;2;54;1;2;60;81131;-1
1019;2017;1;1;2;1;50;1;3;30;41312;-1
1019;2017;2;0;2;1;75;0;0;-1;-1;0
1021;2017;1;0;2;2;25;1;3;30;10333;15000
1021;2017;2;0;2;1;21;1;3;25;35323;5000
1023;2017;1;0;2;2;51;1;3;55;40312;18000
1023;2017;2;0;2;2;15;0;0;-1;-1;0
1024;2017;1;0;2;2;75;0;0;-1;-1;0
1024;2017;2;0;2;1;30;1;3;48;30333;13000
1025;2017;1;0;2;2;57;1;1;48;6001;27000
1025;2017;2;0;2;2;56;0;0;-1;-1;0
1025;2017;3;0;2;1;26;1;3;48;72203;18000
1026;2017;1;0;2;2;70;0;0;-1;-1;0
1027;2017;1;0;2;2;45;1;3;72;20333;-1
1027;2017;2;0;2;2;22;0;0;-1;-1;0
1027;2017;3;0;2;1;5;0;0;-1;-1;0
1027;2017;4;0;2;2;3;0;0;-1;-1;0
1028;2017;1;0;2;2;72;0;0;-1;-1;0
699;2017;1;0;2;1;58;1;3;2;55314;-1
699;2017;2;0;2;1;58;0;0;-1;-1;0
699;2017;3;0;2;1;24;0;0;-1;-1;0
699;2017;4;0;2;2;4;0;0;-1;-1;0
699;2017;5;0;2;2;36;1;3;66;30314;-1
699;2017;6;0;2;1;16;0;0;-1;-1;0
699;2017;7;0;2;1;13;0;0;-1;-1;0
319;2017;1;0;2;1;97;0;0;-1;-1;0
1029;2017;1;0;2;2;24;1;3;20;80332;15000
1031;2017;1;0;2;1;51;1;3;55;10333;-1
1031;2017;2;0;2;1;20;0;0;-1;-1;0
1031;2017;3;0;2;2;14;0;0;-1;-1;0
1031;2017;4;1;2;2;31;1;3;66;30333;-1
1031;2017;5;0;2;2;10;0;0;-1;-1;0
1031;2017;6;0;2;1;23;0;3;-1;-1;0
104;2017;1;0;2;2;62;1;2;40;72112;18000
104;2017;2;0;2;1;59;1;3;40;30314;15000
1032;2017;1;0;2;2;42;1;3;55;72313;10000
1032;2017;2;0;2;2;33;0;0;-1;-1;0
1032;2017;3;0;2;1;15;0;0;-1;-1;0
1032;2017;4;0;2;2;11;0;0;-1;-1;0
1032;2017;5;0;2;1;10;0;0;-1;-1;0
1032;2017;6;0;2;2;7;0;0;-1;-1;0
1032;2017;7;0;2;2;1;0;0;-1;-1;0
1033;2017;1;0;2;1;58;1;2;84;72113;30000
1034;2017;1;0;2;1;63;1;3;50;20333;15000
1035;2017;1;0;2;1;50;1;3;54;10203;20000
1035;2017;2;1;2;2;48;1;3;20;30333;11000
1035;2017;3;0;2;2;20;1;3;25;41312;7800
1035;2017;4;0;2;2;19;1;3;25;11333;5500
1035;2017;5;0;2;1;15;0;0;-1;-1;0
1036;2017;1;1;2;1;39;1;2;48;41112;15000
1037;2017;1;0;2;1;58;0;3;-1;-1;0
1037;2017;2;0;2;2;26;1;3;40;72313;-1
1038;2017;1;0;2;1;43;1;1;40;5002;10000
1038;2017;2;0;2;2;42;0;0;-1;-1;0
1038;2017;3;0;2;2;20;1;2;40;80113;6000
1038;2017;4;0;2;1;16;0;0;-1;-1;0
1038;2017;5;0;2;1;9;0;0;-1;-1;0
1039;2017;1;1;2;1;46;1;3;12;80332;7000
1039;2017;2;0;2;2;12;0;0;-1;-1;0
256;2017;1;0;2;1;54;0;0;-1;-1;0
1040;2017;1;1;2;1;34;1;3;40;54333;13000
1040;2017;2;1;2;2;40;1;3;40;92332;20000
1040;2017;3;0;2;2;1;0;0;-1;-1;0
1041;2017;1;1;2;2;41;1;3;50;10333;50000
1041;2017;2;0;2;1;42;1;2;35;50111;20000
1041;2017;3;0;2;1;9;0;0;-1;-1;0
1041;2017;4;0;2;1;1;0;0;-1;-1;0
35;2017;1;1;2;2;55;1;3;40;30333;35000
35;2017;2;1;2;1;56;0;0;-1;-1;0
35;2017;3;0;2;2;24;1;3;40;20333;12000
35;2017;4;0;2;1;23;1;3;15;30312;8000
35;2017;5;0;2;2;82;0;0;-1;-1;0
1042;2017;1;1;2;1;62;1;2;3;57113;6000
153;2017;1;1;2;1;64;1;3;12;30333;-1
1043;2017;1;0;2;2;81;0;0;-1;-1;0
1044;2017;1;1;2;2;47;1;3;60;54202;17000
608;2017;1;0;2;1;61;1;3;40;10333;35000
608;2017;2;0;2;2;35;1;3;999;10312;12000
608;2017;3;1;2;2;33;1;3;40;40312;18000
1045;2017;1;0;2;1;67;1;2;0;30113;-1
1045;2017;2;0;2;1;48;0;0;-1;-1;0
1045;2017;3;0;2;1;28;1;3;8;30314;1000
1045;2017;4;0;2;2;32;0;3;-1;-1;0
1045;2017;5;0;2;2;2;0;0;-1;-1;0
1046;2017;1;0;2;1;56;1;2;46;30113;10000
1046;2017;2;0;2;2;56;1;2;46;30113;10000
1046;2017;3;1;2;1;29;1;4;12;30314;0
1046;2017;4;0;2;2;27;1;4;12;30314;0
1046;2017;5;0;2;1;23;1;4;12;30314;0
841;2017;1;0;2;1;78;0;0;-1;-1;0
841;2017;2;0;2;2;49;1;3;28;34323;-1
781;2017;1;0;2;1;88;0;0;-1;-1;0
781;2017;2;0;2;1;77;0;0;-1;-1;0
173;2017;1;1;2;1;40;1;3;56;40311;40000
173;2017;2;1;2;2;38;1;3;19;40311;25000
173;2017;3;0;2;1;3;0;0;-1;-1;0
173;2017;4;0;2;1;2;0;0;-1;-1;0
762;2017;1;1;2;2;35;1;3;40;10333;35000
762;2017;2;0;2;2;33;1;2;36;30133;15000
1047;2017;1;0;2;2;69;0;0;-1;-1;0
1047;2017;2;0;2;1;66;0;0;-1;-1;0
1047;2017;3;0;2;2;71;0;0;-1;-1;0
1048;2017;1;0;2;2;74;0;0;-1;-1;0
1048;2017;2;0;2;2;72;0;0;-1;-1;0
1049;2017;1;1;2;2;60;0;0;-1;-1;0
1049;2017;2;0;2;2;60;0;0;-1;-1;0
1049;2017;3;0;2;2;24;1;3;30;40312;7000
347;2017;1;0;2;1;45;0;0;-1;-1;0
347;2017;2;0;2;2;22;0;3;-1;-1;0
347;2017;3;0;2;1;13;0;0;-1;-1;0
347;2017;4;0;2;1;12;0;0;-1;-1;0
347;2017;5;0;2;2;10;0;0;-1;-1;0
347;2017;6;0;2;2;21;0;3;-1;-1;0
347;2017;7;0;2;1;40;1;3;34;36314;1500
1050;2017;1;0;2;2;47;1;1;92;5002;20000
1050;2017;2;0;2;1;48;0;0;-1;-1;0
1050;2017;3;0;2;2;16;0;0;-1;-1;0
1050;2017;4;0;2;2;13;0;0;-1;-1;0
1052;2017;1;0;2;1;79;0;0;-1;-1;0
1052;2017;2;0;2;2;80;1;3;40;20313;-1
1054;2017;1;0;2;2;75;0;0;-1;-1;0
113;2017;1;1;2;1;63;1;3;72;40311;40000
113;2017;2;1;2;2;61;0;0;-1;-1;0
113;2017;3;0;2;2;23;0;0;-1;-1;0
196;2017;1;1;2;1;37;1;3;30;6001;16000
196;2017;2;0;2;1;36;1;3;45;10333;12000
74;2017;1;0;2;2;46;1;3;50;80333;17000
74;2017;2;1;2;2;51;1;3;36;30331;21500
74;2017;3;0;2;1;18;0;0;-1;-1;0
1055;2017;1;0;2;2;30;1;3;30;10333;17000
1055;2017;2;0;2;2;31;1;1;46;5002;20000
246;2017;1;1;2;2;62;0;0;-1;-1;0
1056;2017;1;1;2;1;41;1;3;45;10333;24000
1056;2017;2;1;2;1;43;1;3;45;53203;13000
1056;2017;3;0;2;1;9;0;0;-1;-1;0
1056;2017;4;0;2;2;7;0;0;-1;-1;0
1057;2017;1;0;2;2;69;1;3;40;20333;-1
1057;2017;2;0;2;2;64;0;0;-1;-1;0
117;2017;1;0;2;1;86;0;0;-1;-1;0
776;2017;1;1;2;2;82;1;2;18;72131;-1
776;2017;2;0;2;2;78;0;0;-1;-1;0
203;2017;1;0;2;1;44;1;3;16;20332;-1
203;2017;2;0;2;1;46;1;3;30;10333;-1
203;2017;3;0;2;1;18;0;0;-1;-1;0
203;2017;4;0;2;2;15;0;0;-1;-1;0
203;2017;5;0;2;2;8;0;0;-1;-1;0
318;2017;1;0;2;1;76;0;0;-1;-1;0
318;2017;2;0;2;2;17;0;0;-1;-1;0
318;2017;3;0;2;1;12;0;0;-1;-1;0
109;2017;1;1;2;2;26;1;3;8;50331;4000
109;2017;2;0;2;2;19;0;0;-1;-1;0
605;2017;1;0;2;2;34;1;3;27;10333;-1
605;2017;2;1;2;2;34;1;3;0;43331;29000
605;2017;3;0;2;2;1;0;0;-1;-1;0
1058;2017;1;0;2;2;76;0;0;-1;-1;0
1058;2017;2;0;2;2;66;1;3;20;10313;6000
1058;2017;3;0;2;1;27;1;3;40;10333;12000
1059;2017;1;0;2;2;32;1;3;72;34323;6000
1059;2017;2;0;2;2;28;1;3;0;55314;1000
1059;2017;3;0;2;2;5;0;0;-1;-1;0
1059;2017;4;0;2;2;2;0;0;-1;-1;0
1059;2017;5;0;2;1;1;0;0;-1;-1;0
764;2017;1;1;2;2;82;1;2;35;40112;20000
764;2017;2;0;2;2;81;0;0;-1;-1;0
1060;2017;1;1;2;1;59;1;3;40;10333;27000
1061;2017;1;0;2;1;73;0;0;-1;-1;0
1061;2017;2;0;2;2;89;0;0;-1;-1;0
1062;2017;1;0;2;2;46;0;0;-1;-1;0
1062;2017;2;0;2;1;46;0;0;-1;-1;0
303;2017;1;0;2;1;37;0;0;-1;-1;0
303;2017;2;0;2;1;12;0;0;-1;-1;0
303;2017;3;0;2;1;11;0;0;-1;-1;0
303;2017;4;0;2;1;7;0;0;-1;-1;0
303;2017;5;0;2;2;4;0;0;-1;-1;0
1063;2017;1;1;2;1;42;1;3;32;92331;30000
1063;2017;2;1;2;1;54;1;3;32;10333;28000
761;2017;1;1;2;2;33;1;3;45;42331;40000
1064;2017;1;1;2;2;80;0;0;-1;-1;0
427;2017;1;1;2;2;38;1;3;30;10333;17000
827;2017;1;0;2;2;34;1;3;40;80332;33000
827;2017;2;1;2;1;36;1;3;35;45332;27000
827;2017;3;0;2;1;1;0;0;-1;-1;0
1065;2017;1;0;2;1;35;1;3;48;30314;13000
1065;2017;2;0;2;2;34;1;3;30;55314;9500
1065;2017;3;0;2;2;8;0;0;-1;-1;0
1065;2017;4;0;2;2;2;0;0;-1;-1;0
1066;2017;1;1;2;1;82;1;3;4;41332;3200
1066;2017;2;1;2;1;54;1;3;50;11331;25000
1067;2017;1;0;2;2;44;1;3;61;56313;19000
1067;2017;2;0;2;2;29;1;3;40;55314;8000
1068;2017;1;1;2;2;39;1;3;50;20333;20000
1069;2017;1;1;2;1;86;0;0;-1;-1;0
1070;2017;1;0;2;2;82;0;0;-1;-1;0
1070;2017;2;0;2;1;72;0;0;-1;-1;0
1071;2017;1;0;2;1;24;0;0;-1;-1;0
1071;2017;2;0;2;2;18;0;0;-1;-1;0
1072;2017;1;1;2;1;63;1;1;20;6001;2500
1072;2017;2;1;2;1;63;0;0;-1;-1;0
1072;2017;3;1;2;2;26;1;3;48;44332;25000
1072;2017;4;1;2;1;22;1;3;40;41312;23000
1073;2017;1;1;2;1;31;1;3;50;20331;-1
1073;2017;2;1;2;1;32;1;3;6;40331;1500
1073;2017;3;0;2;2;1;0;0;-1;-1;0
1074;2017;1;1;2;2;58;0;0;-1;-1;0
1075;2017;1;0;2;1;33;1;1;49;5002;-1
1075;2017;2;1;2;2;32;0;0;-1;-1;0
1075;2017;3;0;2;2;3;0;0;-1;-1;0
1075;2017;4;0;2;2;1;0;0;-1;-1;0
1076;2017;1;1;2;2;37;1;3;30;10333;30000
1076;2017;2;0;2;2;37;1;3;46;90313;25000
1076;2017;3;0;2;1;1;0;0;-1;-1;0
1077;2017;1;1;2;2;65;1;3;16;41331;40000
1077;2017;2;1;2;2;58;1;3;8;41331;10000
1077;2017;3;0;2;1;18;0;0;-1;-1;0
1078;2017;1;0;2;1;70;1;2;3;57113;-1
1079;2017;1;1;2;1;42;1;3;24;99997;-1
1079;2017;2;0;2;2;40;1;3;42;50313;-1
1079;2017;3;0;2;2;1;0;0;-1;-1;0
1079;2017;4;0;2;1;13;0;0;-1;-1;0
1079;2017;5;0;2;2;5;0;0;-1;-1;0
1080;2017;1;0;2;1;79;0;0;-1;-1;0
1080;2017;2;0;2;2;82;0;0;-1;-1;0
407;2017;1;0;2;2;69;0;0;-1;-1;0
407;2017;2;0;2;1;65;0;0;-1;-1;0
407;2017;3;1;2;2;29;1;3;32;10333;-1
925;2017;2;0;2;2;69;0;0;-1;-1;0
1081;2017;1;1;2;2;73;1;3;45;10333;17000
1081;2017;2;0;2;2;80;0;0;-1;-1;0
1082;2017;1;1;2;2;90;0;0;-1;-1;0
76;2017;1;1;2;1;59;1;3;36;10333;10000
76;2017;2;0;2;2;21;0;3;-1;-1;0
1083;2017;1;1;2;1;38;1;3;8;41333;11000
1083;2017;2;1;2;2;35;1;3;30;46331;20000
1084;2017;1;0;2;2;73;1;3;63;34323;9800
199;2017;1;0;2;2;78;0;0;-1;-1;0
1086;2017;1;1;2;1;55;1;3;36;81201;35000
1086;2017;2;0;2;2;25;0;0;-1;-1;0
1087;2017;1;0;2;1;74;0;0;-1;-1;0
1087;2017;2;0;2;2;72;0;0;-1;-1;0
1088;2017;1;0;2;1;24;0;3;-1;-1;0
1088;2017;2;0;2;2;30;1;3;45;20332;20000
1089;2017;1;0;2;2;44;1;3;48;30332;12000
1090;2017;1;0;2;1;83;0;0;-1;-1;0
1090;2017;2;0;2;1;38;1;3;48;92332;15000
1090;2017;3;0;2;2;36;0;0;-1;-1;0
1090;2017;4;0;2;1;16;0;0;-1;-1;0
1091;2017;1;0;2;1;72;0;0;-1;-1;0
1092;2017;1;0;2;1;34;1;3;999;92313;-1
1092;2017;2;0;2;1;69;0;0;-1;-1;0
217;2017;1;0;2;2;75;0;0;-1;-1;0
217;2017;2;0;2;2;71;0;0;-1;-1;0
207;2017;1;1;2;2;64;1;3;30;10332;15000
207;2017;2;1;2;1;63;0;0;-1;-1;0
207;2017;3;1;2;2;24;1;3;20;20332;8000
207;2017;4;0;2;2;87;0;0;-1;-1;0
1093;2017;1;0;2;2;81;0;0;-1;-1;0
1093;2017;2;0;2;2;78;0;0;-1;-1;0
300;2017;1;0;2;1;30;1;3;40;20333;20000
1094;2017;1;0;2;2;75;0;0;-1;-1;0
1094;2017;2;1;2;1;45;1;3;45;41312;18000
1095;2017;1;0;2;1;43;1;2;16;58113;6500
1095;2017;2;0;2;2;39;1;3;15;57314;5000
1095;2017;3;0;2;2;15;0;0;-1;-1;0
1095;2017;4;0;2;2;11;0;0;-1;-1;0
1096;2017;1;1;2;1;81;0;0;-1;-1;0
1096;2017;2;1;2;1;56;0;2;-1;-1;0
1096;2017;3;0;2;2;53;1;3;45;30333;25000
606;2017;1;0;2;2;67;0;0;-1;-1;0
606;2017;2;0;2;1;64;0;0;-1;-1;0
292;2017;1;0;2;1;49;0;0;-1;-1;0
292;2017;2;1;2;1;49;1;2;8;34123;0
292;2017;3;0;2;1;23;0;0;-1;-1;0
292;2017;4;0;2;1;15;0;0;-1;-1;0
250;2017;1;0;2;2;57;0;2;-1;-1;0
1097;2017;2;1;2;1;39;1;3;54;30333;15000
1097;2017;3;1;2;1;51;0;2;-1;-1;0
311;2017;1;0;2;2;34;1;3;50;80203;16000
311;2017;2;0;2;1;26;1;3;60;30333;17540
311;2017;3;0;2;2;1;0;0;-1;-1;0
1099;2017;1;0;2;2;62;1;3;40;20332;35000
1100;2017;1;1;2;2;44;1;3;30;40312;-1
1100;2017;2;0;2;2;51;1;3;40;57314;-1
1100;2017;3;1;2;2;43;1;3;40;40312;-1
601;2017;1;0;2;1;76;1;1;45;5002;18000
601;2017;2;0;2;1;74;0;0;-1;-1;0
1102;2017;1;0;2;1;56;1;2;24;80123;2500
1102;2017;2;0;2;1;21;1;3;48;53314;0
1102;2017;3;0;2;1;13;0;0;-1;-1;0
1102;2017;4;0;2;2;8;0;0;-1;-1;0
1102;2017;5;0;2;2;5;0;0;-1;-1;0
325;2017;1;0;2;2;29;1;3;40;10333;17000
325;2017;2;1;2;2;29;1;3;40;72331;8000
1104;2017;1;0;2;2;76;0;0;-1;-1;0
1104;2017;2;0;2;1;74;0;0;-1;-1;0
1105;2017;1;1;2;2;65;0;0;-1;-1;0
766;2017;1;0;2;1;87;0;0;-1;-1;0
1106;2017;1;0;2;2;77;0;0;-1;-1;0
1106;2017;2;1;2;1;53;1;3;4;41312;1750
1107;2017;1;1;2;2;58;1;2;48;50111;-1
1107;2017;2;1;2;2;48;1;3;60;30333;-1
1108;2017;1;0;2;1;90;0;0;-1;-1;0
1109;2017;1;1;2;1;61;1;1;25;5001;-1
1109;2017;2;1;2;1;61;1;2;45;20131;-1
1111;2017;1;1;2;2;68;1;1;40;7001;15000
1111;2017;2;1;2;2;57;0;0;-1;-1;0
1112;2017;1;1;2;2;59;1;3;30;40331;28000
1112;2017;2;1;2;1;56;1;1;52;5002;30000
1112;2017;3;0;2;1;21;1;3;12;52314;7500
1113;2017;1;0;2;2;52;1;3;45;56202;15000
1113;2017;2;1;2;1;38;0;0;-1;-1;0
1113;2017;3;0;2;2;14;0;0;-1;-1;0
1113;2017;4;0;2;2;6;0;0;-1;-1;0
1114;2017;1;1;2;1;43;1;3;36;34331;60000
1114;2017;2;1;2;2;41;1;3;20;41312;7500
1114;2017;3;0;2;2;17;0;0;-1;-1;0
1114;2017;4;0;2;1;11;0;0;-1;-1;0
1114;2017;5;0;2;1;9;0;0;-1;-1;0
1115;2017;1;1;2;2;60;0;0;-1;-1;0
1116;2017;1;0;2;2;45;1;2;45;72112;15000
1116;2017;2;1;2;2;44;1;3;48;57312;8000
1116;2017;3;0;2;1;11;0;0;-1;-1;0
1116;2017;4;0;2;2;4;0;0;-1;-1;0
1117;2017;1;1;2;1;50;1;3;40;20332;20000
302;2017;1;0;2;1;54;1;3;18;47313;4500
302;2017;3;0;2;2;17;0;0;-1;-1;0
208;2017;1;0;2;2;61;1;3;40;10333;15000
208;2017;2;0;2;2;61;0;0;-1;-1;0
208;2017;3;0;2;2;85;0;0;-1;-1;0
1118;2017;1;0;2;1;52;1;3;50;99997;30000
1118;2017;2;1;2;2;52;1;3;40;40331;34000
1118;2017;3;0;2;2;18;0;0;-1;-1;0
1118;2017;4;0;2;2;23;0;0;-1;-1;0
1119;2017;1;0;2;1;24;1;3;45;10333;14000
1120;2017;1;1;2;1;33;1;3;45;20333;19000
1121;2017;1;0;2;1;27;0;0;-1;-1;0
1122;2017;1;1;2;1;79;0;0;-1;-1;0
1123;2017;1;0;2;2;47;0;0;-1;-1;0
1123;2017;2;0;2;1;82;0;0;-1;-1;0
1123;2017;3;0;2;2;42;1;3;40;72313;-1
223;2017;1;1;2;2;40;1;3;40;81331;40000
223;2017;2;1;2;1;28;0;0;-1;-1;0
223;2017;3;0;2;1;1;0;0;-1;-1;0
327;2017;1;1;2;2;49;1;2;42;45131;-1
327;2017;2;0;2;1;45;1;3;45;10333;-1
327;2017;3;0;2;2;5;0;0;-1;-1;0
1124;2017;1;0;2;2;45;1;3;30;32314;-1
1124;2017;2;0;2;1;38;0;0;-1;-1;0
1124;2017;3;0;2;1;50;1;3;55;34323;-1
1124;2017;4;0;2;2;24;1;3;35;32314;-1
1124;2017;5;0;2;1;3;0;0;-1;-1;0
1124;2017;6;0;2;2;11;0;0;-1;-1;0
1125;2017;1;1;2;2;35;1;3;40;10332;24000
1125;2017;2;1;2;1;36;1;3;60;10332;17000
1125;2017;3;0;2;2;1;0;0;-1;-1;0
8;2017;1;0;2;1;72;0;0;-1;-1;0
1126;2017;1;0;2;1;73;0;0;-1;-1;0
664;2017;1;1;2;2;67;1;2;999;10133;-1
664;2017;2;0;2;2;62;1;3;40;10333;-1
1127;2017;1;1;2;1;41;1;3;30;45332;20000
1127;2017;2;0;2;2;36;1;3;36;35333;17000
556;2017;1;0;2;2;64;1;3;16;61313;-1
556;2017;2;0;2;1;52;0;0;-1;-1;0
358;2017;1;0;2;1;68;0;0;-1;-1;0
358;2017;2;0;2;2;69;0;0;-1;-1;0
1128;2017;1;0;2;2;67;0;0;-1;-1;0
259;2017;1;0;2;2;37;1;3;45;92331;-1
167;2017;1;1;2;1;33;1;3;48;10333;19000
167;2017;2;1;2;1;37;1;3;20;45332;24000
1129;2017;1;0;2;1;44;1;3;15;55314;4800
1130;2017;1;0;2;2;74;1;2;11;30113;3000
102;2017;1;0;2;1;44;0;0;-1;-1;0
102;2017;2;0;2;1;36;1;2;36;72113;-1
102;2017;3;0;2;2;13;0;0;-1;-1;0
102;2017;4;0;2;2;4;0;0;-1;-1;0
1131;2017;1;1;2;1;32;1;3;32;92332;16000
1131;2017;2;0;2;1;33;1;3;32;20332;18000
1132;2017;1;0;2;2;52;1;3;42;56314;10000
1133;2017;1;0;2;1;71;0;0;-1;-1;0
1134;2017;1;0;2;2;37;1;3;48;53314;22999
1135;2017;1;0;2;2;77;0;0;-1;-1;0
1136;2017;1;1;2;2;27;1;3;30;41312;7000
1136;2017;2;0;2;1;1;0;0;-1;-1;0
80;2017;1;0;2;2;42;1;3;60;32314;8000
80;2017;2;0;2;1;42;0;0;-1;-1;0
80;2017;3;0;2;2;15;0;0;-1;-1;0
80;2017;4;0;2;2;8;0;0;-1;-1;0
783;2017;1;1;2;2;60;1;3;24;41331;-1
783;2017;2;0;2;2;66;0;0;-1;-1;0
783;2017;3;0;2;2;20;0;0;-1;-1;0
708;2017;1;1;2;2;32;1;3;40;80313;20000
708;2017;2;1;2;2;35;1;3;15;41312;12000
708;2017;3;0;2;2;4;0;0;-1;-1;0
708;2017;4;0;2;1;2;0;0;-1;-1;0
1138;2017;1;0;2;1;26;1;3;32;10333;10500
324;2017;1;1;2;1;47;1;3;30;10202;60000
324;2017;2;0;2;2;67;0;0;-1;-1;0
388;2017;1;0;2;2;49;0;0;-1;-1;0
388;2017;2;0;2;2;18;1;3;30;20333;3000
1139;2017;1;1;2;1;55;1;3;32;10333;26000
1139;2017;2;0;2;2;17;0;0;-1;-1;0
467;2017;1;0;2;2;74;0;0;-1;-1;0
467;2017;2;0;2;2;70;0;0;-1;-1;0
844;2017;1;0;2;1;75;0;0;-1;-1;0
1140;2017;1;1;2;1;40;1;2;50;10133;40000
1140;2017;2;1;2;1;42;0;0;-1;-1;0
867;2017;1;1;2;2;65;0;0;-1;-1;0
867;2017;2;0;2;1;76;0;0;-1;-1;0
1141;2017;1;1;2;1;79;0;0;-1;-1;0
1141;2017;2;1;2;2;83;0;0;-1;-1;0
468;2017;1;0;2;1;48;1;3;24;41312;15000
466;2017;1;0;2;2;79;0;0;-1;-1;0
466;2017;2;0;2;1;79;0;0;-1;-1;0
1142;2017;1;1;2;1;44;1;2;50;11131;13000
1143;2017;1;1;2;1;39;1;2;44;80123;15000
1143;2017;2;0;2;1;9;0;0;-1;-1;0
1145;2017;1;0;2;2;40;0;0;-1;-1;0
1145;2017;2;0;2;1;63;0;0;-1;-1;0
1145;2017;3;0;2;2;65;0;0;-1;-1;0
1145;2017;4;0;2;1;3;0;0;-1;-1;0
1145;2017;5;0;2;1;16;1;3;6;32314;-1
1145;2017;6;0;2;2;22;1;3;24;32323;5500
1145;2017;7;0;2;1;1;0;0;-1;-1;0
1145;2017;8;0;2;1;51;1;3;40;80313;9600
1145;2017;9;0;2;1;21;0;0;-1;-1;0
1145;2017;10;0;2;1;25;0;0;-1;-1;0
1146;2017;1;0;2;1;85;0;0;-1;-1;0
1146;2017;2;0;2;2;78;0;0;-1;-1;0
1147;2017;1;1;2;1;49;1;3;60;40202;16000
1147;2017;2;0;2;2;38;0;0;-1;-1;0
1147;2017;3;0;2;1;14;0;0;-1;-1;0
1148;2017;1;0;2;1;59;1;2;72;72113;22000
1149;2017;1;0;2;1;88;0;0;-1;-1;0
1149;2017;2;0;2;2;74;0;0;-1;-1;0
164;2017;1;1;2;2;58;0;0;-1;-1;0
245;2017;1;0;2;1;55;1;3;40;51203;15000
245;2017;2;0;2;1;56;1;3;48;10201;15500
245;2017;3;0;2;1;22;0;0;-1;-1;0
688;2017;1;1;2;2;64;1;3;50;7001;150000
688;2017;2;0;2;2;57;1;3;50;32201;60000
688;2017;3;0;2;1;15;0;0;-1;-1;0
688;2017;4;0;2;2;26;1;3;35;20333;14000
1150;2017;1;0;2;2;66;0;0;-1;-1;0
1150;2017;2;0;2;2;63;0;0;-1;-1;0
1151;2017;1;0;2;2;71;0;0;-1;-1;0
1152;2017;1;0;2;2;60;1;2;0;34123;0
1153;2017;1;1;2;2;74;0;0;-1;-1;0
289;2017;1;0;2;2;44;1;2;24;46132;8000
289;2017;2;0;2;1;45;1;3;18;10333;15000
289;2017;3;0;2;1;16;0;0;-1;-1;0
289;2017;4;0;2;2;11;0;0;-1;-1;0
289;2017;5;0;2;2;9;0;0;-1;-1;0
289;2017;6;0;2;2;20;0;0;-1;-1;0
1154;2017;1;0;2;1;84;0;0;-1;-1;0
24;2017;1;0;2;2;30;1;3;20;53314;4000
24;2017;3;1;2;2;30;1;2;42;80132;10000
183;2017;1;1;2;1;53;1;3;40;20331;15000
183;2017;2;1;2;2;50;1;3;40;10333;21000
183;2017;3;0;2;2;24;0;0;-1;-1;0
183;2017;4;0;2;1;22;0;0;-1;-1;0
183;2017;5;0;2;1;16;0;0;-1;-1;0
1155;2017;3;0;2;2;37;0;3;-1;-1;0
1155;2017;4;1;2;2;34;1;3;35;40312;9000
1155;2017;5;0;2;2;29;1;3;12;72314;-1
1155;2017;6;0;2;2;25;0;3;-1;-1;0
1157;2017;1;1;2;1;66;0;0;-1;-1;0
1158;2017;1;0;2;1;67;1;3;40;20333;-1
1159;2017;1;0;2;2;81;0;0;-1;-1;0
1159;2017;2;1;2;1;78;0;0;-1;-1;0
1160;2017;1;1;2;1;75;1;2;0;40111;-1
1160;2017;2;1;2;2;69;0;0;-1;-1;0
1161;2017;1;1;2;1;56;1;3;36;3001;18000
279;2017;1;0;2;2;61;1;3;40;36313;-1
279;2017;2;1;2;2;56;1;1;54;5001;-1
279;2017;3;0;2;2;20;0;0;-1;-1;0
279;2017;4;0;2;2;17;0;0;-1;-1;0
509;2017;1;0;2;1;55;1;3;66;56313;28000
509;2017;2;0;2;1;22;0;0;-1;-1;0
1162;2017;1;1;2;1;70;0;0;-1;-1;0
1162;2017;2;0;2;1;71;0;0;-1;-1;0
1162;2017;3;0;2;2;18;0;3;-1;-1;0
1163;2017;1;1;2;1;57;1;1;59;6001;5000
1163;2017;2;1;2;1;54;1;1;25;5001;5000
1164;2017;1;0;2;1;47;0;0;-1;-1;0
1164;2017;2;0;2;1;44;1;3;72;30313;-1
1164;2017;3;0;2;1;12;0;0;-1;-1;0
1165;2017;1;0;2;1;74;0;0;-1;-1;0
1166;2017;1;0;2;2;58;1;1;50;6001;48000
1166;2017;2;0;2;2;55;0;0;-1;-1;0
1166;2017;3;0;2;2;25;1;3;40;20333;17500
1166;2017;4;0;2;2;22;1;4;14;10333;0
1167;2017;1;1;2;2;28;1;3;30;42331;31000
1167;2017;2;0;2;2;22;1;3;999;45331;900
66;2017;1;0;2;1;46;1;3;24;10333;-1
66;2017;2;0;2;1;41;1;2;30;30113;-1
66;2017;3;0;2;2;18;0;0;-1;-1;0
66;2017;4;0;2;1;7;0;0;-1;-1;0
66;2017;5;0;2;1;6;0;0;-1;-1;0
66;2017;6;0;2;2;1;0;0;-1;-1;0
1168;2017;1;0;2;2;38;1;3;0;53313;18000
1168;2017;2;0;2;2;35;1;3;0;56314;19000
1168;2017;3;0;2;2;9;0;0;-1;-1;0
1168;2017;4;0;2;1;6;0;0;-1;-1;0
493;2017;1;1;2;1;53;1;3;40;10332;-1
493;2017;2;0;2;1;53;1;3;35;10333;-1
493;2017;3;0;2;1;18;0;0;-1;-1;0
896;2017;1;0;2;2;52;1;2;48;30113;13000
896;2017;2;0;2;2;53;1;3;40;53313;18000
896;2017;3;0;2;2;23;1;3;48;20331;17000
896;2017;4;0;2;2;22;0;0;-1;-1;0
1170;2017;1;0;2;1;85;0;0;-1;-1;0
1170;2017;2;0;2;2;87;0;0;-1;-1;0
703;2017;1;0;2;1;47;1;2;40;81131;-1
703;2017;2;1;2;2;56;1;3;35;92332;22000
703;2017;3;0;2;2;21;1;3;25;10332;8000
1171;2017;1;1;2;2;63;1;3;45;10333;15300
1171;2017;2;0;2;2;53;0;0;-1;-1;0
452;2017;1;1;2;1;40;1;3;30;10333;25000
452;2017;2;1;2;1;42;1;2;20;20131;28000
452;2017;3;0;2;2;5;0;0;-1;-1;0
452;2017;4;0;2;2;1;0;0;-1;-1;0
1172;2017;1;0;2;2;30;1;1;36;6001;27000
1173;2017;1;0;2;1;80;0;0;-1;-1;0
1174;2017;1;0;2;2;68;0;0;-1;-1;0
134;2017;1;0;2;2;71;1;1;40;5001;16000
146;2017;1;1;2;2;73;0;0;-1;-1;0
1177;2017;1;0;2;1;23;1;3;20;10313;10000
1178;2017;1;0;2;2;76;1;2;30;30113;-1
1178;2017;2;0;2;2;35;1;3;40;80313;-1
1178;2017;3;0;2;1;29;1;3;30;30314;-1
1179;2017;1;0;2;2;41;1;3;24;56313;8000
1179;2017;2;0;2;1;2;0;0;-1;-1;0
1179;2017;3;0;2;2;20;1;3;30;20313;4500
1180;2017;1;0;2;2;50;1;3;10;41312;6400
1180;2017;2;1;2;1;51;1;3;20;41312;12000
1180;2017;3;0;2;2;12;0;0;-1;-1;0
1181;2017;1;0;2;1;41;1;3;50;20332;-1
1181;2017;2;0;2;1;40;0;0;-1;-1;0
1181;2017;3;0;2;1;11;0;0;-1;-1;0
1181;2017;4;0;2;1;7;0;0;-1;-1;0
1181;2017;5;0;2;2;4;0;0;-1;-1;0
1183;2017;1;0;2;2;49;1;3;40;55314;4000
1183;2017;2;0;2;1;61;1;2;40;72113;10000
1183;2017;3;0;2;2;29;1;2;40;72113;10000
1183;2017;4;0;2;1;30;1;3;60;53313;12000
1183;2017;5;0;2;2;23;1;2;40;72113;10000
276;2017;1;0;2;2;77;0;0;-1;-1;0
288;2017;1;0;2;2;87;0;0;-1;-1;0
288;2017;2;0;2;2;31;1;3;5;10333;4000
309;2017;1;1;2;1;87;0;0;-1;-1;0
282;2017;1;0;2;1;81;0;0;-1;-1;0
415;2017;2;0;2;1;60;1;3;0;55314;1920
415;2017;3;0;2;2;19;1;3;0;30314;2400
235;2017;1;1;2;2;49;1;2;24;80132;25000
235;2017;2;0;2;1;23;0;0;-1;-1;0
235;2017;3;0;2;2;18;0;0;-1;-1;0
1186;2017;1;0;2;1;55;1;3;48;53314;13200
1188;2017;1;0;2;1;36;1;2;40;81131;-1
1188;2017;2;1;2;1;33;1;3;25;41332;9000
1188;2017;3;0;2;2;10;0;0;-1;-1;0
1188;2017;4;0;2;2;6;0;0;-1;-1;0
1189;2017;1;0;2;2;52;1;2;70;34123;-1
1189;2017;2;0;2;1;44;1;1;54;5002;-1
1189;2017;3;0;2;2;29;1;3;40;10333;-1
1189;2017;4;0;2;2;43;1;2;60;34123;-1
1189;2017;5;0;2;2;33;1;3;40;10332;-1
1190;2017;1;1;2;2;33;1;3;45;30314;12000
1191;2017;1;0;2;2;37;1;3;48;36323;22000
1191;2017;2;0;2;2;78;0;0;-1;-1;0
1191;2017;3;0;2;2;16;0;0;-1;-1;0
1191;2017;4;0;2;1;12;0;0;-1;-1;0
1192;2017;1;0;2;2;57;1;3;48;53313;9500
1193;2017;1;0;2;1;42;1;3;37;56314;16000
1193;2017;2;0;2;1;41;0;3;-1;-1;0
1193;2017;3;0;2;2;17;0;0;-1;-1;0
1193;2017;4;0;2;1;15;0;0;-1;-1;0
1193;2017;5;0;2;1;13;0;0;-1;-1;0
1193;2017;6;0;2;2;11;0;0;-1;-1;0
1193;2017;7;0;2;1;7;0;0;-1;-1;0
1193;2017;8;0;2;2;4;0;0;-1;-1;0
1193;2017;9;0;2;2;19;0;2;-1;-1;0
1193;2017;10;0;2;1;21;0;3;-1;-1;0
1193;2017;11;0;2;1;24;0;3;-1;-1;0
1193;2017;12;0;2;1;2;0;0;-1;-1;0
1193;2017;13;0;2;1;1;0;0;-1;-1;0
1194;2017;1;1;2;1;91;0;0;-1;-1;0
1194;2017;2;1;2;2;53;0;0;-1;-1;0
563;2017;1;0;2;2;76;0;0;-1;-1;0
563;2017;2;0;2;1;47;0;0;-1;-1;0
944;2017;1;0;2;1;57;1;3;35;92313;-1
944;2017;2;0;2;2;55;0;0;-1;-1;0
944;2017;3;0;2;2;26;1;3;40;92313;-1
944;2017;4;0;2;1;18;0;0;-1;-1;0
1195;2017;1;0;2;2;45;1;3;50;40332;-1
911;2017;1;0;2;2;67;1;2;12;30113;1200
911;2017;2;0;2;1;29;1;2;40;82113;10000
911;2017;3;0;2;1;19;1;2;12;30113;1200
911;2017;4;0;2;1;3;0;0;-1;-1;0
911;2017;5;0;2;2;33;1;2;40;72113;2000
881;2017;1;0;2;1;78;0;0;-1;-1;0
1196;2017;1;0;2;1;58;1;2;40;10133;10000
1196;2017;2;0;2;1;29;1;3;40;81332;10000
1196;2017;3;0;2;1;25;0;0;-1;-1;0
1197;2017;1;0;2;2;31;1;3;36;32332;20000
1197;2017;2;1;2;1;31;1;3;36;80332;17000
887;2017;1;0;2;1;43;1;2;36;41112;8000
887;2017;2;0;2;2;43;1;3;60;30314;8000
887;2017;3;0;2;1;18;0;0;-1;-1;0
887;2017;4;0;2;2;16;0;0;-1;-1;0
446;2017;1;1;2;2;44;0;2;-1;-1;0
1198;2017;1;0;2;2;32;1;3;45;30333;15180
1199;2017;1;1;2;1;41;1;3;50;20332;50000
634;2017;1;0;2;2;78;0;0;-1;-1;0
1200;2017;1;0;2;2;75;0;0;-1;-1;0
1200;2017;2;0;2;2;62;0;0;-1;-1;0
1201;2017;1;1;2;2;29;1;3;5;41331;9000
1202;2017;1;0;2;2;65;0;0;-1;-1;0
1202;2017;2;0;2;1;19;0;0;-1;-1;0
1203;2017;1;0;2;1;21;1;3;40;30332;14000
1205;2017;1;0;2;2;21;1;3;33;56314;9500
179;2017;1;0;2;1;25;0;0;-1;-1;0
1206;2017;1;0;2;1;59;1;1;40;6001;18000
1206;2017;2;0;2;1;52;0;0;-1;-1;0
1206;2017;3;0;2;1;18;0;0;-1;-1;0
1207;2017;1;1;2;1;47;1;2;30;72112;15000
290;2017;1;0;2;1;34;1;3;4;41312;11000
1208;2017;1;0;2;2;40;1;3;45;10333;19000
1208;2017;2;0;2;2;43;1;3;36;40311;13000
1208;2017;3;0;2;2;15;0;0;-1;-1;0
1208;2017;4;0;2;1;12;0;0;-1;-1;0
1208;2017;5;0;2;1;12;0;0;-1;-1;0
1209;2017;1;0;2;2;37;1;3;45;10333;19000
1209;2017;2;0;2;2;37;1;2;45;34123;15000
1209;2017;3;0;2;2;7;0;0;-1;-1;0
1209;2017;4;0;2;2;4;0;0;-1;-1;0
168;2017;1;0;2;2;76;0;0;-1;-1;0
1210;2017;1;0;2;1;60;0;0;-1;-1;0
1211;2017;1;0;2;2;20;0;0;-1;-1;0
1213;2017;1;1;2;2;48;1;3;40;11331;40000
1213;2017;2;0;2;1;24;0;0;-1;-1;0
1213;2017;3;0;2;1;21;0;0;-1;-1;0
283;2017;1;0;2;2;72;0;0;-1;-1;0
283;2017;2;0;2;2;69;0;0;-1;-1;0
1214;2017;1;1;2;2;31;1;3;30;10333;17000
405;2017;1;0;2;1;74;0;0;-1;-1;0
405;2017;2;0;2;2;64;0;0;-1;-1;0
405;2017;3;1;2;1;28;1;3;40;10333;-1
803;2017;1;1;2;2;53;1;2;30;40112;10000
803;2017;2;0;2;1;21;1;3;0;34314;3000
803;2017;3;0;2;2;19;0;0;-1;-1;0
1215;2017;1;0;2;2;53;1;3;55;30332;-1
1215;2017;2;0;2;1;49;0;0;-1;-1;0
1215;2017;3;0;2;1;22;1;3;21;51312;-1
1215;2017;4;0;2;1;74;1;3;40;80313;-1
1215;2017;5;0;2;1;73;0;0;-1;-1;0
1216;2017;1;0;2;1;52;1;3;35;10333;15000
1216;2017;2;0;2;1;22;0;0;-1;-1;0
1217;2017;1;0;2;1;66;0;0;-1;-1;0
1218;2017;1;0;2;2;36;1;2;48;44133;30000
1218;2017;2;0;2;1;36;1;3;30;10333;12000
1218;2017;3;0;2;1;1;0;0;-1;-1;0
1219;2017;1;1;2;2;80;0;0;-1;-1;0
789;2017;1;0;2;2;38;1;3;36;72313;20000
789;2017;2;0;2;1;34;1;3;5;50311;2000
1220;2017;1;1;2;2;52;1;3;40;41312;11000
1220;2017;2;1;2;1;52;0;2;-1;-1;0
1220;2017;3;0;2;1;21;1;3;46;30314;5000
1220;2017;4;0;2;1;18;1;3;28;32314;3360
1220;2017;5;0;2;1;9;0;0;-1;-1;0
253;2017;1;0;2;2;77;0;0;-1;-1;0
253;2017;2;0;2;2;75;0;0;-1;-1;0
732;2017;1;0;2;1;49;1;3;44;47313;10000
732;2017;2;0;2;1;39;0;0;-1;-1;0
732;2017;3;0;2;2;9;0;0;-1;-1;0
732;2017;4;0;2;2;5;0;0;-1;-1;0
1222;2017;1;1;2;2;51;1;3;48;10202;35000
1223;2017;1;0;2;1;55;1;2;22;80113;12000
1223;2017;2;0;2;1;51;0;0;-1;-1;0
1223;2017;3;0;2;1;26;0;0;-1;-1;0
1223;2017;4;0;2;2;22;0;0;-1;-1;0
1224;2017;1;0;2;2;21;1;3;25;10333;13000
1224;2017;2;1;2;2;22;1;3;60;32314;10000
1225;2017;1;0;2;1;82;0;0;-1;-1;0
489;2017;1;1;2;1;46;1;3;50;3001;40000
489;2017;2;0;2;2;81;0;0;-1;-1;0
1226;2017;1;0;2;1;57;1;3;44;30333;15000
588;2017;1;0;2;2;78;0;0;-1;-1;0
588;2017;2;0;2;2;22;0;0;-1;-1;0
588;2017;3;0;2;1;46;0;0;-1;-1;0
588;2017;4;0;2;2;4;0;0;-1;-1;0
588;2017;5;0;2;1;1;0;0;-1;-1;0
588;2017;6;0;2;2;59;1;3;9;58323;3000
588;2017;7;0;2;2;28;1;3;21;72313;8500
1230;2017;1;1;2;1;49;1;3;35;40312;20000
1230;2017;2;0;2;2;76;0;0;-1;-1;0
1230;2017;3;0;2;1;12;0;0;-1;-1;0
1231;2017;1;0;2;2;34;1;3;40;30314;16000
1231;2017;2;0;2;2;28;1;3;5;55314;20000
1231;2017;3;0;2;2;6;0;0;-1;-1;0
1232;2017;1;0;2;1;55;1;2;24;82112;10000
1232;2017;2;0;2;1;53;0;0;-1;-1;0
1232;2017;3;0;2;1;28;1;3;40;80323;12000
1232;2017;4;1;2;2;26;1;3;8;41312;5300
1233;2017;1;0;2;2;63;1;2;112;30132;-1
1233;2017;2;1;2;2;59;1;3;40;43331;58000
1234;2017;1;0;2;1;86;1;1;15;5002;-1
135;2017;1;1;2;1;46;1;3;40;81331;35000
135;2017;2;1;2;2;45;0;0;-1;-1;0
135;2017;3;0;2;1;10;0;0;-1;-1;0
135;2017;4;0;2;1;7;0;0;-1;-1;0
135;2017;5;0;2;2;84;0;0;-1;-1;0
1235;2017;1;0;2;2;68;0;0;-1;-1;0
1235;2017;2;0;2;1;31;1;3;35;56314;9000
1235;2017;3;0;2;2;26;1;3;25;55314;4000
1235;2017;4;0;2;1;2;0;0;-1;-1;0
1236;2017;1;1;2;1;34;1;3;35;10333;32000
1239;2017;1;1;2;1;65;1;3;50;10333;30000
1239;2017;2;0;2;1;67;0;0;-1;-1;0
37;2017;1;0;2;2;59;1;3;25;55314;6500
37;2017;2;0;2;1;16;1;4;6;30314;0
1240;2017;1;1;2;2;64;0;0;-1;-1;0
1240;2017;2;0;2;2;60;1;3;40;80322;-1
1241;2017;1;0;2;2;66;0;0;-1;-1;0
1241;2017;2;0;2;2;59;1;3;30;55314;8500
1242;2017;1;1;2;2;36;1;2;32;10133;10000
510;2017;1;0;2;1;52;1;2;45;90132;-1
510;2017;2;0;2;2;56;1;2;25;20131;0
510;2017;3;0;2;1;19;0;3;-1;-1;0
510;2017;4;0;2;1;23;1;3;30;10333;20000
1243;2017;1;1;2;2;35;1;3;40;45332;24000
1243;2017;2;1;2;1;35;0;0;-1;-1;0
1243;2017;3;0;2;1;3;0;0;-1;-1;0
1243;2017;4;0;2;2;1;0;0;-1;-1;0
1244;2017;1;0;2;2;36;1;3;36;10333;37000
1244;2017;2;0;2;2;36;1;3;10;20333;4000
1244;2017;3;0;2;1;6;0;0;-1;-1;0
1244;2017;4;0;2;2;2;0;0;-1;-1;0
1245;2017;1;1;2;2;39;1;3;8;41331;12000
1245;2017;2;1;2;2;39;1;2;12;40111;14000
1246;2017;1;0;2;1;88;0;0;-1;-1;0
1246;2017;2;0;2;1;80;0;0;-1;-1;0
1247;2017;1;1;2;1;24;1;3;40;30332;17000
506;2017;1;1;2;2;73;0;0;-1;-1;0
1248;2017;1;0;2;1;39;1;3;84;80313;14000
1248;2017;2;1;2;2;32;1;2;8;80123;2500
1248;2017;3;0;2;1;5;0;0;-1;-1;0
1249;2017;1;0;2;2;19;0;0;-1;-1;0
320;2017;1;0;2;2;85;0;0;-1;-1;0
320;2017;2;0;2;2;82;0;0;-1;-1;0
1250;2017;1;0;2;2;38;1;3;35;10333;20000
1250;2017;2;1;2;2;38;1;3;35;10333;20000
1250;2017;3;0;2;2;6;0;0;-1;-1;0
1250;2017;4;0;2;1;2;0;0;-1;-1;0
1251;2017;1;1;2;1;65;1;3;5;99997;10000
438;2017;1;1;2;1;55;1;3;28;10333;15000
438;2017;2;0;2;2;22;1;3;28;10314;7000
1252;2017;1;1;2;1;80;0;0;-1;-1;0
1252;2017;2;1;2;1;71;0;0;-1;-1;0
312;2017;1;0;2;1;71;1;3;32;20331;35000
312;2017;2;0;2;2;69;0;0;-1;-1;0
1253;2017;1;0;2;2;48;1;3;45;56314;-1
1253;2017;2;0;2;2;21;0;0;-1;-1;0
1253;2017;3;0;2;1;19;1;3;24;30314;-1
1253;2017;4;0;2;2;23;1;3;30;10333;6000
1253;2017;5;0;2;1;3;0;0;-1;-1;0
1254;2017;1;0;2;2;65;0;0;-1;-1;0
1254;2017;2;1;2;2;38;0;0;-1;-1;0
779;2017;1;0;2;1;45;1;3;44;56313;15000
779;2017;2;0;2;2;35;1;3;40;57313;6500
779;2017;3;0;2;2;6;0;0;-1;-1;0
779;2017;4;0;2;2;4;0;0;-1;-1;0
1255;2017;1;1;2;2;58;1;3;35;10333;27000
1255;2017;2;1;2;1;56;1;3;45;10333;35000
1255;2017;3;0;2;1;17;0;0;-1;-1;0
1256;2017;1;0;2;1;20;0;0;-1;-1;0
1256;2017;2;0;2;1;25;1;3;48;50311;0
1257;2017;1;0;2;2;39;1;1;60;6001;-1
1257;2017;2;0;2;2;33;0;0;-1;-1;0
1257;2017;3;0;2;2;6;0;0;-1;-1;0
848;2017;1;0;2;1;49;1;3;60;30333;20000
848;2017;2;0;2;2;45;0;0;-1;-1;0
848;2017;3;0;2;1;10;0;0;-1;-1;0
848;2017;4;0;2;1;4;0;0;-1;-1;0
848;2017;5;0;2;1;21;1;3;55;30333;10000
848;2017;6;0;2;2;19;0;0;-1;-1;0
1258;2017;1;0;2;1;19;0;0;-1;-1;0
1259;2017;1;1;2;2;71;1;1;8;5001;-1
1259;2017;2;1;2;2;60;1;3;35;40201;28000
1260;2017;1;0;2;2;42;1;3;40;80332;24000
1260;2017;2;1;2;2;38;1;3;30;42331;22000
1261;2017;1;1;2;2;44;1;2;999;82123;-1
1261;2017;2;0;2;2;5;0;0;-1;-1;0
1262;2017;1;1;2;2;40;0;3;-1;-1;0
1262;2017;2;0;2;1;41;1;3;60;72313;0
1262;2017;3;0;2;2;7;0;0;-1;-1;0
1262;2017;4;0;2;1;14;0;0;-1;-1;0
1263;2017;1;0;2;1;60;1;1;60;5002;20000
1263;2017;3;0;2;1;30;1;3;40;80312;14000
915;2017;1;0;2;1;50;1;2;49;30133;15000
915;2017;2;0;2;1;14;0;0;-1;-1;0
901;2017;1;0;2;1;33;1;3;40;10332;-1
1264;2017;1;0;2;1;34;0;0;-1;-1;0
1264;2017;2;1;2;1;36;1;3;45;40311;-1
1264;2017;3;0;2;2;7;0;0;-1;-1;0
1264;2017;4;0;2;1;2;0;0;-1;-1;0
239;2017;1;0;2;1;32;1;3;6;50311;0
1265;2017;1;0;2;1;56;0;0;-1;-1;0
1265;2017;2;1;2;2;55;0;2;-1;-1;0
1265;2017;3;0;2;1;24;1;3;20;42332;-1
1266;2017;1;1;2;2;35;1;3;40;40311;45000
1266;2017;2;1;2;1;36;1;3;30;40331;30000
1266;2017;3;0;2;1;1;0;0;-1;-1;0
1268;2017;1;1;2;2;53;1;3;15;41312;-1
1268;2017;2;1;2;1;53;1;3;40;41332;22000
1268;2017;3;0;2;2;18;0;0;-1;-1;0
212;2017;1;1;2;1;51;0;0;-1;-1;0
778;2017;1;0;2;2;80;0;0;-1;-1;0
778;2017;2;0;2;1;70;0;0;-1;-1;0
315;2017;1;0;2;2;56;1;3;35;92331;-1
315;2017;2;0;2;1;47;1;2;60;80123;-1
315;2017;3;0;2;1;84;0;0;-1;-1;0
315;2017;4;0;2;1;20;1;3;50;34323;-1
315;2017;5;0;2;2;18;1;2;60;80123;-1
315;2017;6;0;2;1;20;1;2;60;80123;-1
315;2017;7;0;2;2;21;0;3;-1;-1;0
1271;2017;1;0;2;1;56;1;3;30;40312;16000
1272;2017;1;1;2;1;43;1;3;38;80313;6000
1273;2017;1;1;2;2;60;1;3;40;1001;45000
1273;2017;2;1;2;2;79;0;0;-1;-1;0
1274;2017;1;0;2;2;68;0;0;-1;-1;0
1274;2017;2;0;2;1;63;0;0;-1;-1;0
1275;2017;1;0;2;2;40;1;3;74;47313;13000
1275;2017;2;0;2;2;43;1;3;8;56314;3000
1275;2017;3;0;2;1;12;0;0;-1;-1;0
527;2017;1;0;2;2;77;1;1;48;6001;12000
60;2017;1;1;2;2;35;1;3;45;11201;30000
60;2017;2;0;2;1;37;1;3;50;80323;20000
1276;2017;1;0;2;1;25;1;3;35;81332;30000
1276;2017;2;0;2;1;23;0;3;-1;-1;0
1277;2017;1;1;2;1;34;1;3;10;41312;-1
1277;2017;2;0;2;2;32;1;3;12;41312;-1
1278;2017;1;1;2;2;69;0;0;-1;-1;0
833;2017;1;0;2;2;64;0;3;-1;-1;0
1279;2017;1;0;2;2;39;1;3;30;55314;7500
1279;2017;2;0;2;1;18;0;0;-1;-1;0
1279;2017;3;0;2;1;6;0;0;-1;-1;0
1280;2017;1;1;2;1;56;1;3;55;34323;12000
1280;2017;2;0;2;1;24;1;3;45;10333;12000
1280;2017;3;0;2;1;23;1;3;48;30314;10000
1280;2017;4;0;2;1;20;1;3;50;53333;22000
81;2017;1;1;2;2;70;1;2;0;40131;40000
1281;2017;1;1;2;2;79;1;2;6;40111;15000
1283;2017;1;0;2;2;58;0;0;-1;-1;0
1283;2017;2;0;2;1;65;1;3;35;40313;18000
68;2017;1;0;2;1;74;0;0;-1;-1;0
354;2017;1;1;2;2;65;1;3;25;10332;65000
265;2017;1;1;2;1;44;1;3;40;11331;-1
265;2017;2;1;2;1;41;1;1;45;5001;-1
1285;2017;1;0;2;1;33;1;3;36;43331;32000
1285;2017;2;1;2;2;33;1;3;36;30332;-1
1286;2017;1;0;2;1;43;1;2;0;57113;-1
1286;2017;2;0;2;1;19;1;3;0;72313;12000
861;2017;1;0;2;1;69;1;3;45;40201;3000
1287;2017;1;1;2;1;37;1;2;17;45131;3000
334;2017;1;1;2;1;36;1;3;60;40312;16300
875;2017;1;1;2;1;54;1;3;28;40331;18000
875;2017;2;1;2;1;75;0;0;-1;-1;0
1288;2017;1;1;2;2;46;1;2;40;20131;12000
1288;2017;2;1;2;1;38;1;2;45;11131;13000
1288;2017;3;0;2;2;8;0;0;-1;-1;0
1289;2017;1;1;2;1;55;1;3;40;11331;43000
1289;2017;2;1;2;2;57;1;3;35;46332;15000
1289;2017;3;0;2;2;22;0;2;-1;-1;0
1290;2017;1;0;2;2;38;1;3;45;56313;13000
1290;2017;2;0;2;1;38;1;3;55;20333;15000
1291;2017;1;0;2;1;64;1;2;18;72113;-1
1291;2017;2;0;2;2;58;1;3;36;10333;9300
1291;2017;3;0;2;1;27;1;3;40;72313;-1
1291;2017;4;0;2;2;26;0;0;-1;-1;0
451;2017;1;1;2;2;49;1;3;45;43331;30000
451;2017;2;1;2;1;48;1;3;45;10333;25000
451;2017;3;0;2;1;11;0;0;-1;-1;0
451;2017;4;0;2;2;7;0;0;-1;-1;0
1292;2017;1;1;2;2;43;1;3;40;20202;27000
1292;2017;2;0;2;1;9;0;0;-1;-1;0
1292;2017;3;0;2;1;46;1;3;40;10333;22000
1292;2017;4;0;2;2;74;0;0;-1;-1;0
1293;2017;1;0;2;1;33;1;3;40;10333;15000
1293;2017;2;0;2;2;36;1;2;30;80133;10000
1293;2017;3;0;2;2;5;0;0;-1;-1;0
1294;2017;1;1;2;1;72;0;0;-1;-1;0
1295;2017;1;0;2;1;68;1;3;30;10333;17000
1296;2017;1;0;2;2;61;0;0;-1;-1;0
1296;2017;2;0;2;1;66;0;0;-1;-1;0
1297;2017;1;0;2;2;33;1;3;45;11331;15000
1298;2017;1;0;2;1;59;1;2;9;41132;-1
1299;2017;1;0;2;2;35;1;2;82;82113;-1
1299;2017;2;0;2;2;31;1;3;40;20333;-1
1299;2017;3;0;2;2;1;0;0;-1;-1;0
1299;2017;4;0;2;2;5;0;0;-1;-1;0
244;2017;1;0;2;2;56;1;3;70;20333;-1
244;2017;2;0;2;2;60;1;3;5;41312;-1
1300;2017;1;1;2;2;50;1;3;44;41312;19000
1300;2017;2;0;2;2;11;0;0;-1;-1;0
1301;2017;1;0;2;2;59;1;3;48;30313;18000
1301;2017;2;0;2;2;55;1;3;40;10333;14700
1302;2017;1;1;2;2;44;1;2;20;10133;20000
1302;2017;2;1;2;1;35;1;3;35;41332;25000
1302;2017;3;0;2;2;8;0;0;-1;-1;0
1302;2017;4;0;2;2;4;0;0;-1;-1;0
1303;2017;1;0;2;2;63;1;1;58;5002;-1
1303;2017;2;0;2;1;25;1;3;40;30332;-1
1303;2017;3;0;2;2;27;1;3;20;41312;-1
1303;2017;4;0;2;1;32;0;0;-1;-1;0
1303;2017;5;0;2;1;56;0;0;-1;-1;0
1304;2017;1;1;2;1;89;0;0;-1;-1;0
209;2017;1;1;2;2;69;1;2;15;43131;10000
209;2017;2;1;2;2;73;0;0;-1;-1;0
1305;2017;1;1;2;2;56;1;3;30;41312;23000
171;2017;1;0;2;1;51;1;3;49;6001;29000
171;2017;2;1;2;1;51;0;0;-1;-1;0
171;2017;3;0;2;2;21;0;0;-1;-1;0
171;2017;4;0;2;2;15;0;0;-1;-1;0
363;2017;1;1;2;2;65;1;3;0;80311;5900
363;2017;2;0;2;1;41;1;3;48;34323;14000
628;2017;1;0;2;1;69;0;0;-1;-1;0
1307;2017;1;0;2;2;26;1;3;21;91313;8900
1307;2017;2;0;2;1;20;0;0;-1;-1;0
1308;2017;1;0;2;1;34;1;3;45;20333;17000
1309;2017;1;0;2;1;80;0;0;-1;-1;0
1309;2017;2;0;2;1;69;0;3;-1;-1;0
723;2017;1;0;2;2;81;0;0;-1;-1;0
1310;2017;1;0;2;1;52;1;3;12;56313;0
1310;2017;2;0;2;1;24;0;0;-1;-1;0
1310;2017;3;0;2;1;19;0;0;-1;-1;0
1311;2017;1;0;2;2;75;0;0;-1;-1;0
1312;2017;1;1;2;2;41;1;3;40;43331;41000
1312;2017;2;1;2;2;41;0;0;-1;-1;0
1312;2017;3;0;2;1;5;0;0;-1;-1;0
1313;2017;1;1;2;2;48;1;3;35;11331;100000
1313;2017;2;1;2;1;49;1;3;35;11331;50000
1313;2017;3;0;2;2;10;0;0;-1;-1;0
1314;2017;1;1;2;2;55;1;3;40;10333;-1
1314;2017;2;1;2;2;55;1;3;30;43331;-1
1315;2017;1;0;2;1;33;1;3;45;34323;14000
1315;2017;2;0;2;1;32;0;0;-1;-1;0
1315;2017;3;0;2;1;61;0;0;-1;-1;0
1315;2017;4;0;2;1;16;0;0;-1;-1;0
1315;2017;5;0;2;2;6;0;0;-1;-1;0
1315;2017;6;0;2;2;5;0;0;-1;-1;0
1316;2017;1;1;2;1;29;1;3;45;20331;18000
1317;2017;1;0;2;2;81;0;0;-1;-1;0
623;2017;1;1;2;1;32;1;3;40;10333;26450
1318;2017;1;1;2;1;43;1;3;40;40311;50000
1318;2017;2;1;2;1;40;1;3;24;40311;20000
1318;2017;3;0;2;2;3;0;0;-1;-1;0
1319;2017;1;0;2;1;76;1;1;30;6001;40000
1319;2017;2;0;2;1;74;0;0;-1;-1;0
1320;2017;1;0;2;1;44;1;3;50;80323;4000
1320;2017;2;0;2;2;52;1;3;50;80323;4000
1320;2017;3;0;2;2;19;0;2;-1;-1;0
1320;2017;4;0;2;1;13;0;0;-1;-1;0
1321;2017;1;1;2;1;34;0;0;-1;-1;0
1321;2017;2;0;2;2;36;1;1;48;5002;-1
1321;2017;3;0;2;2;1;0;0;-1;-1;0
1321;2017;4;0;2;2;66;0;0;-1;-1;0
1322;2017;1;1;2;2;76;0;0;-1;-1;0
1322;2017;2;0;2;1;73;0;0;-1;-1;0
1323;2017;1;1;2;2;50;1;3;31;10203;60000
254;2017;1;0;2;1;49;1;3;35;70203;6200
254;2017;3;0;2;1;19;0;0;-1;-1;0
254;2017;4;0;2;2;12;0;0;-1;-1;0
254;2017;5;0;2;1;15;0;0;-1;-1;0
1324;2017;1;1;2;1;65;0;0;-1;-1;0
1324;2017;2;1;2;2;64;1;3;32;10333;-1
1325;2017;1;0;2;1;32;1;3;48;30313;14000
743;2017;1;0;2;1;22;1;3;16;10332;13500
1327;2017;1;1;2;1;30;1;3;40;32331;27000
1328;2017;1;0;2;2;42;1;3;30;34323;9000
1328;2017;2;0;2;2;26;1;3;36;35333;9000
1328;2017;3;0;2;2;8;0;0;-1;-1;0
1328;2017;4;0;2;2;1;0;0;-1;-1;0
1329;2017;1;0;2;1;53;1;3;48;48312;20000
1329;2017;2;0;2;2;50;1;3;40;56314;9000
1329;2017;3;0;2;1;17;0;0;-1;-1;0
850;2017;1;1;2;2;51;1;3;20;41312;13000
850;2017;2;1;2;2;49;1;3;40;41312;13000
868;2017;1;0;2;2;75;0;0;-1;-1;0
868;2017;2;0;2;2;78;0;0;-1;-1;0
448;2017;1;0;2;1;42;1;3;8;55314;2500
448;2017;2;0;2;2;23;1;3;40;53314;5000
448;2017;3;0;2;1;16;0;0;-1;-1;0
448;2017;4;0;2;2;12;0;0;-1;-1;0
1330;2017;1;0;2;1;33;1;3;45;10332;12700
1331;2017;1;1;2;1;49;1;3;45;10333;-1
1331;2017;2;1;2;2;46;1;3;25;30333;-1
1331;2017;3;0;2;2;14;0;0;-1;-1;0
1331;2017;4;0;2;1;10;0;0;-1;-1;0
1332;2017;1;0;2;2;88;0;0;-1;-1;0
1332;2017;2;0;2;2;88;0;0;-1;-1;0
1333;2017;1;1;2;1;60;0;0;-1;-1;0
1333;2017;2;0;2;1;26;1;3;40;50331;14000
1334;2017;1;0;2;2;38;1;3;0;10333;22000
1334;2017;2;0;2;2;39;1;3;0;30333;20000
1334;2017;3;0;2;1;1;0;0;-1;-1;0
1334;2017;4;0;2;2;6;0;0;-1;-1;0
1335;2017;1;1;2;1;34;1;3;40;20332;-1
1335;2017;2;0;2;1;30;1;3;40;20333;-1
1335;2017;3;0;2;1;2;0;0;-1;-1;0
1336;2017;1;1;2;2;68;1;2;40;72131;-1
1336;2017;2;1;2;2;66;1;3;35;10332;-1
1336;2017;3;0;2;2;19;0;0;-1;-1;0
1336;2017;4;0;2;2;17;0;0;-1;-1;0
280;2017;1;1;2;2;70;0;0;-1;-1;0
1337;2017;1;1;2;2;62;1;3;18;40331;-1
1337;2017;2;0;2;1;18;0;0;-1;-1;0
95;2017;1;1;2;1;47;1;3;45;50331;-1
1338;2017;1;1;2;1;61;1;3;60;11331;20000
1339;2017;1;0;2;1;28;0;0;-1;-1;0
1340;2017;1;0;2;2;67;1;3;25;80313;700
584;2017;1;1;2;1;33;1;3;40;11331;-1
584;2017;2;1;2;1;33;1;3;35;10332;-1
584;2017;3;0;2;1;1;0;0;-1;-1;0
1341;2017;1;1;2;2;62;1;3;20;41312;15000
1342;2017;1;0;2;2;55;0;0;-1;-1;0
1342;2017;2;1;2;1;35;1;3;15;10333;-1
1343;2017;1;0;2;1;40;1;3;35;34323;15000
1343;2017;2;0;2;2;23;1;3;45;30333;13000
1344;2017;1;0;2;1;69;0;0;-1;-1;0
1345;2017;1;1;2;2;64;1;3;40;40311;32000
1345;2017;2;0;2;1;25;1;3;20;41312;10000
632;2017;1;0;2;1;42;1;3;42;47313;12500
632;2017;2;0;2;2;23;1;3;4;55314;1280
632;2017;3;0;2;1;3;0;0;-1;-1;0
1346;2017;1;0;2;1;82;0;0;-1;-1;0
1346;2017;2;0;2;1;80;0;0;-1;-1;0
472;2017;1;1;2;2;63;0;0;-1;-1;0
1347;2017;1;1;2;1;62;0;0;-1;-1;0
1348;2017;1;1;2;2;49;1;2;56;45131;12000
1348;2017;2;1;2;1;78;1;3;56;45331;12000
1349;2017;1;1;2;1;35;0;0;-1;-1;0
1349;2017;2;1;2;1;30;1;3;35;11331;-1
523;2017;1;0;2;2;54;1;3;4;55314;1600
1350;2017;1;0;2;2;52;1;3;50;56314;20000
1350;2017;2;1;2;1;46;1;3;50;41312;20000
425;2017;1;0;2;2;93;0;0;-1;-1;0
1351;2017;1;0;2;1;38;1;3;56;56313;25000
1351;2017;2;0;2;2;36;1;3;40;20332;15000
1351;2017;3;0;2;2;12;0;0;-1;-1;0
1351;2017;4;0;2;1;3;0;0;-1;-1;0
1352;2017;1;1;2;1;77;0;0;-1;-1;0
1353;2017;1;0;2;1;39;1;3;30;36314;8000
812;2017;1;0;2;2;55;1;3;12;55314;1600
812;2017;2;0;2;2;35;1;3;10;55314;2300
812;2017;4;0;2;1;15;0;0;-1;-1;0
812;2017;5;0;2;1;12;0;0;-1;-1;0
1354;2017;1;0;2;2;80;0;0;-1;-1;0
1355;2017;1;0;2;1;50;1;3;61;34323;12000
1355;2017;2;0;2;1;47;1;3;54;53314;9300
1355;2017;3;0;2;2;23;0;0;-1;-1;0
1355;2017;4;0;2;1;19;0;3;-1;-1;0
1355;2017;5;0;2;1;17;0;0;-1;-1;0
233;2017;1;1;2;1;53;1;2;24;40131;-1
233;2017;2;0;2;1;31;1;3;35;30332;-1
505;2017;1;1;2;1;52;1;1;50;5002;-1
505;2017;2;1;2;2;50;1;3;30;41331;7000
505;2017;3;0;2;1;15;0;0;-1;-1;0
505;2017;4;0;2;1;19;0;3;-1;-1;0
758;2017;1;0;2;2;25;1;3;40;20332;23000
729;2017;1;1;2;2;33;1;3;6;41312;-1
729;2017;2;1;2;2;33;1;3;60;40331;-1
238;2017;1;0;2;2;34;1;3;30;41312;6900
238;2017;2;0;2;2;19;0;0;-1;-1;0
238;2017;3;0;2;2;15;0;0;-1;-1;0
234;2017;1;1;2;2;32;1;3;28;11331;28000
1357;2017;1;1;2;2;34;1;3;25;10333;20000
1357;2017;2;0;2;1;2;0;0;-1;-1;0
345;2017;1;0;2;2;41;1;3;54;32314;23000
345;2017;2;0;2;1;32;0;0;-1;-1;0
345;2017;3;0;2;2;9;0;0;-1;-1;0
345;2017;4;0;2;2;2;0;0;-1;-1;0
1358;2017;1;0;2;2;31;1;3;0;30314;18500
1358;2017;2;0;2;2;33;1;3;45;56314;10000
1358;2017;3;0;2;1;17;0;0;-1;-1;0
1358;2017;4;0;2;2;10;0;0;-1;-1;0
1358;2017;5;0;2;2;2;0;0;-1;-1;0
666;2017;1;0;2;2;88;1;3;45;80314;15000
666;2017;2;0;2;1;69;1;3;44;53313;15000
666;2017;3;0;2;1;66;0;0;-1;-1;0
1359;2017;1;0;2;1;78;0;0;-1;-1;0
619;2017;1;1;2;2;43;1;3;45;10332;15000
1361;2017;1;0;2;1;36;1;3;15;55314;4500
1361;2017;2;0;2;1;8;0;0;-1;-1;0
1361;2017;3;0;2;2;13;0;0;-1;-1;0
1361;2017;4;0;2;1;5;0;0;-1;-1;0
1361;2017;5;0;2;1;1;0;0;-1;-1;0
1361;2017;6;0;2;2;10;0;0;-1;-1;0
1362;2017;1;1;2;2;65;0;0;-1;-1;0
1363;2017;1;0;2;2;76;0;0;-1;-1;0
1363;2017;2;0;2;1;69;0;0;-1;-1;0
1364;2017;1;1;2;1;37;1;3;45;10331;20000
1365;2017;1;1;2;2;56;1;3;50;7001;30000
1365;2017;2;1;2;2;50;1;3;4;10333;0
1366;2017;1;0;2;2;92;0;0;-1;-1;0
1367;2017;1;1;2;2;23;1;3;40;72331;15000
1367;2017;2;0;2;2;19;0;0;-1;-1;0
1367;2017;3;0;2;1;19;0;0;-1;-1;0
241;2017;1;0;2;2;44;1;3;45;80323;16000
1368;2017;1;1;2;2;36;1;3;24;41332;12000
1370;2017;1;0;2;2;80;1;2;30;30113;-1
1370;2017;2;0;2;1;79;1;2;48;30113;-1
1371;2017;1;1;2;2;48;1;3;25;41312;-1
1371;2017;2;0;2;1;47;0;3;-1;-1;0
1371;2017;3;0;2;2;18;0;0;-1;-1;0
1371;2017;4;0;2;2;15;0;0;-1;-1;0
390;2017;1;0;2;1;58;1;2;10;35113;-1
390;2017;2;0;2;2;23;1;3;45;20333;0
77;2017;1;0;2;1;60;1;2;48;82113;-1
77;2017;2;0;2;2;57;1;3;12;56314;5000
77;2017;3;0;2;2;27;0;0;-1;-1;0
77;2017;4;0;2;1;17;0;0;-1;-1;0
1372;2017;1;1;2;1;31;1;3;35;20332;30000
1372;2017;2;0;2;2;35;1;3;35;30333;21000
1373;2017;1;1;2;1;56;1;3;40;11331;46000
1373;2017;2;0;2;1;38;1;3;24;10313;22000
1374;2017;1;0;2;2;43;1;3;40;56314;4000
1374;2017;2;0;2;2;23;0;0;-1;-1;0
1374;2017;3;0;2;2;11;0;0;-1;-1;0
1374;2017;4;0;2;2;10;0;0;-1;-1;0
1374;2017;5;0;2;1;15;0;0;-1;-1;0
692;2017;1;0;2;2;32;1;3;45;20332;23000
689;2017;1;0;2;1;95;0;0;-1;-1;0
1375;2017;1;0;2;1;48;1;3;45;32314;18000
1375;2017;2;0;2;2;44;0;0;-1;-1;0
1375;2017;3;0;2;2;22;1;3;45;53203;15000
1375;2017;4;0;2;2;17;0;0;-1;-1;0
1375;2017;5;0;2;1;15;0;0;-1;-1;0
1376;2017;1;0;2;2;31;1;3;25;36314;-1
1376;2017;2;0;2;2;11;0;0;-1;-1;0
1376;2017;3;0;2;1;7;0;0;-1;-1;0
1376;2017;4;0;2;2;5;0;0;-1;-1;0
1377;2017;1;0;2;1;60;1;3;65;34323;15000
1377;2017;2;0;2;2;59;0;0;-1;-1;0
1377;2017;3;1;2;1;29;1;3;40;20333;13000
1377;2017;4;0;2;2;25;0;0;-1;-1;0
1379;2017;1;1;2;1;48;1;3;56;53313;-1
1379;2017;2;0;2;2;40;1;3;36;53314;-1
1379;2017;3;0;2;1;20;0;0;-1;-1;0
1379;2017;4;0;2;1;6;0;0;-1;-1;0
1379;2017;5;0;2;2;4;0;0;-1;-1;0
734;2017;1;0;2;1;84;0;0;-1;-1;0
734;2017;2;0;2;1;72;0;0;-1;-1;0
752;2017;1;0;2;1;60;1;2;32;72113;6000
752;2017;2;0;2;1;51;1;3;40;41332;20000
752;2017;3;0;2;1;27;1;3;40;10313;0
752;2017;4;0;2;2;19;0;0;-1;-1;0
1381;2017;1;0;2;1;44;1;3;53;30314;9000
1381;2017;2;0;2;1;42;1;3;21;55314;5800
1381;2017;3;0;2;1;21;0;3;-1;-1;0
1381;2017;4;0;2;2;16;0;0;-1;-1;0
631;2017;1;0;2;1;33;1;3;30;72203;8500
631;2017;2;0;2;1;36;1;3;30;10333;8500
631;2017;7;0;2;2;8;0;0;-1;-1;0
832;2017;1;1;2;2;71;0;0;-1;-1;0
1382;2017;1;1;2;2;50;1;3;12;41312;7000
1382;2017;2;0;2;2;10;0;0;-1;-1;0
1382;2017;3;0;2;1;14;0;0;-1;-1;0
1383;2017;1;1;2;2;66;1;3;12;5001;35000
1384;2017;1;0;2;1;71;0;0;-1;-1;0
706;2017;1;0;2;2;86;0;0;-1;-1;0
1385;2017;1;0;2;2;68;1;3;48;30314;15000
1385;2017;2;0;2;1;70;0;0;-1;-1;0
1386;2017;1;1;2;2;25;0;0;-1;-1;0
1386;2017;2;0;2;2;27;0;0;-1;-1;0
1387;2017;1;0;2;2;67;0;0;-1;-1;0
1387;2017;2;0;2;2;41;1;3;45;36333;20000
1388;2017;1;1;2;2;67;1;3;25;11331;20000
1389;2017;1;0;2;1;31;0;0;-1;-1;0
1389;2017;2;0;2;2;5;0;0;-1;-1;0
1389;2017;3;0;2;2;2;0;0;-1;-1;0
678;2017;1;1;2;1;64;1;3;40;45332;-1
800;2017;2;0;2;2;49;1;3;12;99998;6000
800;2017;4;0;2;2;13;0;0;-1;-1;0
800;2017;5;0;2;1;13;0;0;-1;-1;0
800;2017;6;0;2;1;16;0;0;-1;-1;0
800;2017;7;0;2;1;75;0;0;-1;-1;0
1390;2017;1;0;2;2;80;0;0;-1;-1;0
1390;2017;2;1;2;1;65;0;0;-1;-1;0
1390;2017;3;0;2;1;42;0;3;-1;-1;0
566;2017;1;0;2;1;59;1;3;40;56314;11500
566;2017;2;0;2;1;27;0;0;-1;-1;0
566;2017;3;0;2;2;19;1;3;48;30314;10000
566;2017;4;0;2;1;69;0;0;-1;-1;0
1391;2017;1;1;2;1;28;1;2;25;72133;-1
1392;2017;1;0;2;2;64;0;0;-1;-1;0
408;2017;1;0;2;1;54;1;2;40;43111;-1
408;2017;2;1;2;2;50;1;3;40;41312;-1
1393;2017;1;0;2;2;56;1;3;50;10332;27000
1393;2017;2;0;2;2;52;1;3;50;30332;15000
1393;2017;3;0;2;2;20;0;0;-1;-1;0
1393;2017;4;0;2;2;77;0;0;-1;-1;0
406;2017;1;0;2;1;32;1;3;60;53203;15000
406;2017;2;0;2;1;62;0;3;-1;-1;0
406;2017;3;0;2;1;24;1;3;42;53314;8500
877;2017;1;0;2;1;42;1;2;34;80113;20000
877;2017;2;0;2;1;28;1;3;4;80313;500
367;2017;1;1;2;1;52;1;2;12;45131;1500
367;2017;2;1;2;1;28;0;0;-1;-1;0
1394;2017;1;0;2;1;41;1;3;45;10333;35000
1394;2017;2;0;2;1;19;1;3;30;30333;8500
449;2017;1;1;2;2;51;1;3;48;34323;40000
449;2017;2;1;2;2;44;0;0;-1;-1;0
449;2017;3;0;2;1;12;0;0;-1;-1;0
449;2017;4;0;2;1;8;0;0;-1;-1;0
459;2017;1;0;2;2;78;0;0;-1;-1;0
865;2017;1;0;2;1;78;0;0;-1;-1;0
1395;2017;1;0;2;2;72;0;0;-1;-1;0
1395;2017;2;0;2;2;71;0;0;-1;-1;0
228;2017;1;1;2;1;39;1;2;30;20131;9000
228;2017;2;0;2;2;12;0;0;-1;-1;0
228;2017;3;0;2;2;10;0;0;-1;-1;0
1396;2017;1;1;2;2;47;1;3;40;41312;24000
1396;2017;2;1;2;1;48;1;3;54;30314;19000
1396;2017;3;0;2;2;10;0;0;-1;-1;0
1397;2017;1;0;2;1;29;1;3;27;30314;9000
1397;2017;2;1;2;2;28;1;3;24;20331;20000
1398;2017;1;1;2;2;56;1;3;36;10313;22000
1398;2017;2;0;2;2;64;0;0;-1;-1;0
1399;2017;1;0;2;1;81;0;0;-1;-1;0
1400;2017;1;0;2;1;50;1;3;45;20333;26000
1400;2017;2;1;2;2;44;1;3;45;41332;22000
1400;2017;3;0;2;1;12;0;0;-1;-1;0
1400;2017;4;0;2;1;8;0;0;-1;-1;0
96;2017;1;0;2;2;59;1;3;40;72313;32000
96;2017;2;0;2;2;55;0;0;-1;-1;0
96;2017;3;0;2;2;20;1;2;2;41112;2800
96;2017;4;0;2;2;14;0;0;-1;-1;0
96;2017;5;0;2;1;84;0;0;-1;-1;0
1402;2017;1;0;2;1;52;1;3;40;34323;8000
1402;2017;2;1;2;2;42;1;3;45;10333;13000
1402;2017;3;0;2;2;81;0;0;-1;-1;0
1402;2017;4;0;2;2;13;0;0;-1;-1;0
94;2017;1;1;2;1;87;0;0;-1;-1;0
200;2017;1;0;2;2;34;1;3;9;55314;1800
200;2017;2;0;2;1;15;0;0;-1;-1;0
200;2017;3;0;2;1;9;0;0;-1;-1;0
1404;2017;1;1;2;1;80;1;2;12;90131;15000
1404;2017;2;1;2;2;74;0;0;-1;-1;0
1405;2017;1;1;2;1;81;0;0;-1;-1;0
661;2017;1;0;2;1;49;1;3;36;92332;-1
661;2017;2;0;2;1;44;1;3;36;10333;-1
661;2017;3;0;2;1;12;0;0;-1;-1;0
661;2017;4;0;2;2;15;0;0;-1;-1;0
546;2017;1;0;2;1;54;1;2;84;30113;-1
546;2017;2;0;2;1;51;1;2;84;30113;-1
546;2017;3;0;2;1;21;1;2;84;30113;-1
546;2017;4;0;2;2;17;0;0;-1;-1;0
546;2017;5;0;2;2;28;1;2;84;30113;-1
1406;2017;1;1;2;2;72;0;0;-1;-1;0
1407;2017;1;0;2;2;51;1;3;36;30333;27000
1407;2017;2;0;2;1;36;1;3;35;3001;25000
1407;2017;3;0;2;2;11;0;0;-1;-1;0
1407;2017;4;0;2;2;6;0;0;-1;-1;0
84;2017;1;1;2;1;44;0;3;-1;-1;0
84;2017;2;0;2;1;31;1;3;25;20333;10000
84;2017;3;0;2;2;1;0;0;-1;-1;0
1409;2017;1;0;2;1;50;1;3;36;55314;7200
1409;2017;2;0;2;2;18;1;3;25;53313;12000
504;2017;1;0;2;2;76;0;0;-1;-1;0
504;2017;2;1;2;2;75;0;0;-1;-1;0
1410;2017;1;0;2;1;27;1;3;36;30313;10000
1412;2017;1;0;2;2;47;1;1;60;5002;-1
1412;2017;2;0;2;1;43;1;1;60;5002;-1
1412;2017;3;0;2;2;24;1;3;35;30314;10000
1412;2017;4;0;2;1;21;1;3;35;30314;10000
1412;2017;5;0;2;2;15;0;0;-1;-1;0
1412;2017;6;0;2;1;1;0;0;-1;-1;0
1413;2017;1;0;2;2;39;1;3;54;30313;25000
1413;2017;2;0;2;2;38;1;3;30;20313;14000
1413;2017;3;0;2;2;15;0;0;-1;-1;0
1413;2017;4;0;2;2;9;0;0;-1;-1;0
376;2017;1;0;2;2;32;1;3;45;53313;16000
376;2017;2;0;2;2;30;1;3;0;53314;9200
376;2017;3;0;2;2;4;0;0;-1;-1;0
376;2017;4;0;2;1;2;0;0;-1;-1;0
376;2017;5;0;2;1;1;0;0;-1;-1;0
1414;2017;1;1;2;1;66;1;2;20;40111;20000
906;2017;1;1;2;2;35;1;3;40;41312;27000
906;2017;2;0;2;2;8;0;0;-1;-1;0
1415;2017;1;0;2;2;79;1;2;32;42131;0
1415;2017;2;0;2;1;72;1;2;8;20132;0
1415;2017;3;1;2;1;53;1;1;7;5001;0
1415;2017;4;0;2;2;45;0;2;-1;-1;0
1415;2017;5;0;2;1;40;0;3;-1;-1;0
1416;2017;1;0;2;2;80;0;0;-1;-1;0
1416;2017;2;0;2;1;73;0;0;-1;-1;0
1417;2017;1;0;2;2;24;1;3;40;92312;10500
1417;2017;2;0;2;1;24;1;3;20;55314;7000
673;2017;1;0;2;1;31;1;2;30;80113;8000
673;2017;2;0;2;2;8;0;0;-1;-1;0
1418;2017;1;0;2;2;39;1;3;48;30314;9000
1418;2017;2;0;2;2;20;0;0;-1;-1;0
1418;2017;3;0;2;2;19;0;0;-1;-1;0
1419;2017;1;1;2;2;52;1;3;45;41203;25000
1419;2017;2;1;2;1;43;1;3;20;41313;10000
1419;2017;3;0;2;2;16;0;0;-1;-1;0
1419;2017;4;0;2;1;11;0;0;-1;-1;0
1420;2017;1;1;2;2;46;1;3;0;34202;40000
512;2017;1;0;2;1;81;0;0;-1;-1;0
512;2017;2;0;2;1;83;0;0;-1;-1;0
512;2017;3;0;2;1;47;0;0;-1;-1;0
240;2017;1;0;2;2;82;0;0;-1;-1;0
240;2017;2;0;2;1;81;0;0;-1;-1;0
535;2017;1;0;2;1;43;0;3;-1;-1;0
1421;2017;1;0;2;2;85;0;0;-1;-1;0
1422;2017;1;0;2;2;46;1;3;40;10333;14000
1422;2017;2;0;2;2;20;1;3;20;10333;4000
274;2017;1;0;2;2;51;1;3;35;10333;18000
1424;2017;1;0;2;1;80;0;0;-1;-1;0
1425;2017;1;0;2;1;78;0;0;-1;-1;0
1425;2017;2;0;2;1;64;0;0;-1;-1;0
1425;2017;3;0;2;1;35;0;0;-1;-1;0
1427;2017;1;0;2;1;51;1;2;20;82123;1500
1427;2017;2;0;2;1;11;0;0;-1;-1;0
1427;2017;3;0;2;1;11;0;0;-1;-1;0
1427;2017;4;0;2;1;13;0;0;-1;-1;0
1427;2017;5;0;2;2;15;0;0;-1;-1;0
1427;2017;6;0;2;2;17;0;0;-1;-1;0
33;2017;1;0;2;2;58;1;2;61;30132;25000
33;2017;2;0;2;2;57;0;0;-1;-1;0
1428;2017;1;0;2;2;66;1;2;21;80123;10000
221;2017;1;0;2;2;86;0;0;-1;-1;0
421;2017;1;0;2;1;80;0;0;-1;-1;0
1430;2017;1;0;2;2;79;0;0;-1;-1;0
1430;2017;2;1;2;1;66;0;0;-1;-1;0
1431;2017;1;0;2;1;47;1;3;45;30312;16500
1431;2017;2;0;2;1;45;1;3;35;10333;20000
1431;2017;3;0;2;2;10;0;0;-1;-1;0
1431;2017;4;0;2;2;7;0;0;-1;-1;0
640;2017;1;1;2;2;33;1;3;0;80332;-1
640;2017;2;0;2;1;36;0;0;-1;-1;0
640;2017;3;0;2;2;8;0;0;-1;-1;0
640;2017;4;0;2;2;3;0;0;-1;-1;0
372;2017;1;0;2;1;57;1;3;0;56313;-1
372;2017;2;0;2;1;54;1;3;46;56313;0
372;2017;3;0;2;2;23;0;0;-1;-1;0
1432;2017;1;0;2;2;44;1;3;20;57314;4000
1432;2017;2;0;2;2;20;0;3;-1;-1;0
1432;2017;3;0;2;1;27;1;3;20;31312;0
1433;2017;1;0;2;2;62;1;2;72;56113;15000
1433;2017;2;0;2;1;58;1;2;72;56113;15000
889;2017;1;0;2;1;65;0;0;-1;-1;0
889;2017;2;1;2;2;60;0;0;-1;-1;0
889;2017;3;1;2;1;25;1;3;25;11311;6000
1435;2017;1;1;2;1;46;0;0;-1;-1;0
1435;2017;2;0;2;2;17;0;0;-1;-1;0
1435;2017;3;0;2;1;13;0;0;-1;-1;0
1435;2017;4;0;2;2;9;0;0;-1;-1;0
366;2017;1;0;2;2;37;1;3;45;92331;18000
366;2017;2;0;2;2;19;0;0;-1;-1;0
366;2017;3;0;2;1;16;0;0;-1;-1;0
366;2017;4;0;2;2;51;1;3;24;41312;14000
471;2017;1;0;2;1;29;1;3;48;56313;12000
471;2017;2;0;2;1;27;1;3;48;10333;13000
1436;2017;1;0;2;2;62;1;3;18;20333;7000
1437;2017;1;0;2;2;62;1;2;48;80123;8500
1438;2017;1;1;2;2;56;1;3;20;41312;8000
1439;2017;1;0;2;2;26;1;3;47;20331;24500
1440;2017;1;1;2;1;53;1;3;40;10333;-1
1440;2017;2;0;2;2;21;1;3;35;10333;-1
1440;2017;3;0;2;2;28;1;3;45;10333;-1
1441;2017;1;1;2;2;57;1;3;35;40331;20000
1441;2017;2;1;2;2;53;1;2;25;40131;-1
1441;2017;3;0;2;1;19;1;3;3;10333;1500
1441;2017;4;0;2;2;13;0;0;-1;-1;0
564;2017;1;0;2;2;64;1;3;51;20333;-1
564;2017;2;0;2;1;57;0;0;-1;-1;0
564;2017;3;0;2;2;85;0;0;-1;-1;0
564;2017;4;0;2;2;85;0;0;-1;-1;0
548;2017;1;0;2;1;57;1;3;50;42332;35000
548;2017;2;0;2;1;22;0;0;-1;-1;0
548;2017;3;0;2;2;21;1;3;30;35333;12000
948;2017;1;1;2;1;51;1;3;45;3001;-1
1442;2017;1;0;2;1;44;1;3;40;43331;50000
1442;2017;2;0;2;1;43;1;3;40;30332;18000
1442;2017;3;0;2;2;7;0;0;-1;-1;0
1442;2017;4;0;2;1;2;0;0;-1;-1;0
553;2017;1;1;2;2;40;1;1;40;5001;-1
553;2017;2;1;2;2;40;1;2;16;80132;-1
553;2017;3;0;2;2;5;0;0;-1;-1;0
553;2017;4;0;2;2;4;0;0;-1;-1;0
553;2017;5;0;2;2;4;0;0;-1;-1;0
636;2017;1;1;2;1;63;1;2;30;41112;-1
636;2017;2;0;2;2;65;1;3;45;31312;-1
1443;2017;1;1;2;2;33;1;3;30;40312;19000
1444;2017;1;0;2;1;39;1;1;40;6001;40000
1444;2017;2;1;2;1;35;1;3;25;40311;20000
1444;2017;3;0;2;2;3;0;0;-1;-1;0
1445;2017;1;1;2;1;28;1;3;40;20332;30000
834;2017;1;0;2;1;48;1;3;40;20333;18700
1446;2017;1;1;2;1;46;1;3;40;10333;25000
1446;2017;2;1;2;2;44;1;3;40;43331;12000
1446;2017;3;0;2;1;13;0;0;-1;-1;0
1446;2017;4;0;2;1;11;0;0;-1;-1;0
1446;2017;5;0;2;1;9;0;0;-1;-1;0
594;2017;1;1;2;2;50;1;3;40;10333;20000
594;2017;2;0;2;2;17;0;0;-1;-1;0
594;2017;3;0;2;1;8;0;0;-1;-1;0
884;2017;1;1;2;1;91;0;0;-1;-1;0
1447;2017;1;1;2;1;47;1;3;40;40331;25000
1447;2017;2;0;2;1;8;0;0;-1;-1;0
1448;2017;1;1;2;1;60;1;2;58;30133;15000
1448;2017;2;0;2;2;74;1;2;58;30133;15000
1449;2017;1;0;2;2;29;1;3;48;32314;12900
1449;2017;2;0;2;2;26;1;3;30;20313;8000
1450;2017;1;0;2;2;43;1;3;45;36333;-1
1450;2017;2;0;2;2;38;0;0;-1;-1;0
1450;2017;3;0;2;1;15;0;0;-1;-1;0
1450;2017;4;0;2;2;12;0;0;-1;-1;0
1451;2017;1;0;2;2;54;1;3;35;33314;4300
1451;2017;2;0;2;2;51;0;0;-1;-1;0
1451;2017;3;0;2;2;24;0;0;-1;-1;0
1451;2017;4;0;2;2;15;0;0;-1;-1;0
1451;2017;5;0;2;1;16;0;0;-1;-1;0
382;2017;1;0;2;2;34;0;0;-1;-1;0
382;2017;2;0;2;1;33;0;0;-1;-1;0
67;2017;1;1;2;1;26;1;3;45;30332;20000
1452;2017;1;0;2;1;31;1;2;70;80123;2000
1452;2017;2;0;2;2;5;0;0;-1;-1;0
1453;2017;1;1;2;2;46;1;3;35;41332;15200
1453;2017;2;0;2;1;24;1;3;8;80323;0
1454;2017;1;0;2;1;55;1;3;70;34323;-1
1454;2017;2;0;2;2;51;1;3;0;57314;14000
1454;2017;3;0;2;1;33;0;0;-1;-1;0
1454;2017;4;0;2;1;10;0;0;-1;-1;0
1455;2017;1;1;2;2;38;1;3;24;40311;26000
494;2017;2;1;2;1;75;0;0;-1;-1;0
1456;2017;1;0;2;2;37;1;1;70;5002;30000
951;2017;1;0;2;2;75;0;0;-1;-1;0
951;2017;2;0;2;1;33;0;0;-1;-1;0
1457;2017;1;1;2;1;73;0;0;-1;-1;0
1457;2017;2;1;2;2;76;0;0;-1;-1;0
846;2017;1;0;2;1;72;0;0;-1;-1;0
846;2017;2;0;2;2;72;0;0;-1;-1;0
753;2017;1;0;2;2;41;1;2;40;72113;-1
753;2017;2;0;2;1;39;0;0;-1;-1;0
753;2017;3;0;2;2;15;0;0;-1;-1;0
753;2017;4;0;2;1;9;0;0;-1;-1;0
753;2017;5;0;2;2;3;0;0;-1;-1;0
1458;2017;1;0;2;2;83;0;0;-1;-1;0
657;2017;1;1;2;1;44;1;3;45;72314;13000
657;2017;2;0;2;2;32;1;2;35;80123;9000
657;2017;3;0;2;1;12;0;0;-1;-1;0
657;2017;4;0;2;1;8;0;0;-1;-1;0
383;2017;1;1;2;1;65;1;3;42;45332;38000
1459;2017;1;1;2;1;24;1;3;35;40312;9000
1459;2017;2;0;2;1;18;0;0;-1;-1;0
1460;2017;1;0;2;2;82;0;0;-1;-1;0
1461;2017;1;0;2;2;61;1;3;40;7001;-1
1463;2017;1;1;2;1;39;1;1;55;5002;14000
1463;2017;2;0;2;2;38;1;1;55;5002;15000
1463;2017;3;0;2;2;15;0;0;-1;-1;0
1463;2017;4;0;2;1;7;0;0;-1;-1;0
1463;2017;5;0;2;2;1;0;0;-1;-1;0
424;2017;1;0;2;1;65;1;2;30;30113;8000
1464;2017;1;1;2;1;53;1;3;35;40312;25000
1464;2017;2;1;2;2;53;1;3;30;11331;10000
1464;2017;3;0;2;2;24;1;3;12;10333;4300
1464;2017;4;0;2;1;13;0;0;-1;-1;0
1465;2017;1;0;2;2;91;0;0;-1;-1;0
1466;2017;1;1;2;1;65;1;3;6;41331;-1
1466;2017;2;1;2;2;60;0;0;-1;-1;0
1467;2017;1;0;2;2;32;1;3;24;20333;7200
1467;2017;2;0;2;1;29;1;3;24;30203;7200
1467;2017;3;0;2;1;51;0;0;-1;-1;0
1467;2017;4;0;2;2;48;0;0;-1;-1;0
1467;2017;5;0;2;2;1;0;0;-1;-1;0
1467;2017;6;0;2;1;21;1;3;24;30313;7200
1468;2017;1;0;2;1;35;0;3;-1;-1;0
1468;2017;2;0;2;1;35;0;0;-1;-1;0
1468;2017;3;0;2;2;14;0;0;-1;-1;0
1469;2017;1;0;2;2;32;1;3;44;30314;21000
1469;2017;2;0;2;1;22;0;2;-1;-1;0
1469;2017;3;0;2;2;19;0;0;-1;-1;0
1470;2017;1;0;2;2;29;1;3;40;57313;13000
1470;2017;2;1;2;1;27;1;3;48;20333;15000
1471;2017;1;0;2;1;56;0;0;-1;-1;0
768;2017;1;0;2;1;72;0;0;-1;-1;0
305;2017;1;1;2;1;60;1;3;32;30333;-1
305;2017;2;0;2;2;58;1;2;40;30113;-1
305;2017;3;0;2;1;24;1;3;16;20332;6500
1472;2017;1;1;2;1;56;1;2;55;30132;240000
1472;2017;2;0;2;1;24;1;3;18;57314;9000
1472;2017;3;0;2;2;22;0;0;-1;-1;0
1472;2017;4;0;2;1;21;1;3;35;11333;12000
516;2017;1;1;2;1;50;1;3;25;41332;20000
516;2017;2;1;2;2;52;1;3;40;20331;50000
516;2017;3;0;2;1;23;0;0;-1;-1;0
516;2017;4;0;2;2;20;1;3;35;32314;0
516;2017;5;0;2;1;14;0;0;-1;-1;0
1473;2017;1;0;2;2;65;0;0;-1;-1;0
1473;2017;2;1;2;2;66;1;3;16;57314;-1
1473;2017;3;1;2;2;63;0;0;-1;-1;0
1474;2017;1;0;2;2;50;1;2;40;10133;-1
1474;2017;2;0;2;2;20;1;3;8;99999;0
351;2017;1;0;2;1;51;1;3;66;30314;15000
351;2017;2;0;2;2;20;0;0;-1;-1;0
913;2017;1;0;2;2;59;1;2;40;30132;15000
913;2017;2;0;2;1;60;1;3;40;20331;30000
913;2017;3;0;2;1;24;1;3;40;99997;23000
913;2017;4;0;2;1;24;1;3;40;10333;14000
913;2017;5;1;2;1;30;0;3;-1;-1;0
767;2017;1;0;2;1;63;1;3;72;30333;28000
767;2017;2;0;2;1;57;1;4;48;30314;0
767;2017;3;1;2;2;23;1;3;40;32314;10000
1475;2017;1;0;2;1;23;1;3;40;10333;11000
48;2017;1;0;2;1;28;1;2;28;50131;15000
48;2017;2;0;2;1;29;1;2;20;41112;10000
1476;2017;1;0;2;1;35;1;3;40;55314;9000
1476;2017;2;0;2;1;9;0;0;-1;-1;0
1477;2017;1;0;2;2;78;0;0;-1;-1;0
1478;2017;1;0;2;1;68;0;0;-1;-1;0
1478;2017;2;0;2;1;47;0;0;-1;-1;0
1479;2017;1;1;2;2;45;1;3;30;40331;23000
1479;2017;2;1;2;1;39;1;2;5;40111;-1
1479;2017;3;0;2;1;3;0;0;-1;-1;0
1479;2017;4;0;2;1;1;0;0;-1;-1;0
364;2017;1;0;2;2;82;0;0;-1;-1;0
364;2017;2;0;2;1;49;1;3;57;10314;8000
669;2017;1;0;2;2;74;0;0;-1;-1;0
542;2017;1;0;2;2;58;1;3;48;80203;25000
542;2017;2;0;2;2;21;0;0;-1;-1;0
542;2017;3;0;2;2;16;0;0;-1;-1;0
542;2017;4;0;2;2;51;1;3;40;30312;15000
697;2017;1;0;2;2;44;1;2;30;58113;10000
697;2017;2;1;2;1;35;0;0;-1;-1;0
697;2017;3;0;2;1;11;0;0;-1;-1;0
1480;2017;1;0;2;1;57;0;0;-1;-1;0
1480;2017;2;0;2;1;60;0;0;-1;-1;0
1481;2017;1;0;2;1;66;0;0;-1;-1;0
1481;2017;2;0;2;2;68;0;0;-1;-1;0
1482;2017;1;1;2;1;71;1;2;40;80113;1000
1483;2017;1;0;2;2;32;1;3;45;20333;-1
1483;2017;2;0;2;1;27;0;0;-1;-1;0
1483;2017;3;0;2;1;28;1;3;40;10333;-1
1483;2017;4;0;2;2;29;1;2;54;34123;-1
1483;2017;5;0;2;2;7;0;0;-1;-1;0
1483;2017;6;0;2;2;4;0;0;-1;-1;0
1484;2017;1;0;2;2;81;0;0;-1;-1;0
1484;2017;2;0;2;1;52;1;3;55;80312;10000
1485;2017;1;0;2;2;37;1;3;40;56314;19000
1485;2017;2;0;2;2;25;1;3;20;41332;11000
1486;2017;1;1;2;2;51;1;2;30;11131;30000
1486;2017;2;0;2;1;8;0;0;-1;-1;0
447;2017;1;0;2;1;38;1;3;60;47313;12500
447;2017;2;0;2;1;43;0;0;-1;-1;0
447;2017;3;0;2;2;57;1;3;40;92312;60000
447;2017;4;0;2;2;4;0;0;-1;-1;0
447;2017;5;0;2;2;1;0;0;-1;-1;0
549;2017;1;0;2;2;43;1;3;100;34323;20000
549;2017;2;0;2;1;44;0;0;-1;-1;0
549;2017;3;0;2;2;1;0;0;-1;-1;0
549;2017;4;0;2;1;5;0;0;-1;-1;0
549;2017;5;0;2;1;20;1;3;48;30333;15000
1487;2017;1;1;2;2;50;1;2;31;40111;-1
1487;2017;2;0;2;1;21;1;3;4;41312;0
1487;2017;3;0;2;1;17;0;0;-1;-1;0
1488;2017;1;0;2;2;21;1;3;999;30313;-1
374;2017;1;1;2;1;44;1;3;20;41312;5000
374;2017;2;0;2;2;12;0;0;-1;-1;0
374;2017;3;0;2;2;10;0;0;-1;-1;0
1489;2017;1;0;2;1;91;0;0;-1;-1;0
1489;2017;2;0;2;2;81;0;0;-1;-1;0
1489;2017;3;0;2;2;51;1;2;70;34123;15000
1490;2017;1;1;2;1;57;1;1;60;5001;-1
1491;2017;1;1;2;2;62;1;3;40;40201;8000
1491;2017;2;1;2;1;60;1;3;30;40311;38000
653;2017;1;1;2;1;32;0;3;-1;-1;0
1492;2017;1;1;2;2;88;0;0;-1;-1;0
1492;2017;2;1;2;1;85;0;0;-1;-1;0
1493;2017;1;0;2;1;77;0;0;-1;-1;0
1494;2017;1;0;2;2;72;0;0;-1;-1;0
1495;2017;1;1;2;1;29;1;3;45;80332;20000
1495;2017;2;1;2;2;28;1;3;48;20333;19000
733;2017;1;1;2;2;27;1;3;12;41312;5000
733;2017;2;0;2;2;31;1;3;40;10333;12000
733;2017;3;0;2;1;3;0;0;-1;-1;0
733;2017;4;0;2;2;1;0;0;-1;-1;0
249;2017;1;0;2;2;76;0;0;-1;-1;0
1496;2017;1;0;2;1;59;0;2;-1;-1;0
1497;2017;1;0;2;2;62;1;3;4;55314;1800
1498;2017;1;0;2;2;39;1;3;48;40312;-1
1498;2017;2;0;2;1;52;1;2;40;34123;10000
1498;2017;3;0;2;1;15;0;0;-1;-1;0
1498;2017;4;0;2;2;11;0;0;-1;-1;0
1499;2017;1;1;2;1;30;1;1;33;6001;22000
892;2017;1;1;2;2;24;0;0;-1;-1;0
892;2017;2;1;2;1;26;1;3;30;11331;12000
576;2017;1;1;2;1;53;1;3;34;40311;49000
576;2017;2;1;2;2;52;1;3;40;40312;30000
576;2017;3;0;2;1;15;0;0;-1;-1;0
576;2017;4;0;2;2;13;0;0;-1;-1;0
335;2017;1;0;2;1;63;1;3;40;20331;15000
335;2017;2;1;2;1;65;1;3;40;20331;15000
335;2017;3;0;2;2;22;0;0;-1;-1;0
1500;2017;1;1;2;1;69;0;0;-1;-1;0
1501;2017;1;0;2;2;70;1;3;45;80313;13000
1502;2017;1;0;2;2;41;1;1;48;6001;-1
1502;2017;2;0;2;1;16;0;0;-1;-1;0
1502;2017;3;0;2;2;15;0;0;-1;-1;0
1503;2017;1;0;2;2;49;1;3;60;80323;2000
1503;2017;2;0;2;1;47;1;3;40;80323;2000
1503;2017;3;0;2;2;22;1;3;60;80323;2000
1503;2017;4;0;2;2;17;0;0;-1;-1;0
1504;2017;1;0;2;2;20;0;0;-1;-1;0
1504;2017;2;0;2;1;20;0;0;-1;-1;0
1506;2017;1;0;2;2;40;0;3;-1;-1;0
1506;2017;2;0;2;2;40;1;3;54;53314;14000
1506;2017;3;0;2;1;20;1;3;21;53314;0
1506;2017;4;0;2;2;16;0;0;-1;-1;0
1506;2017;5;0;2;2;1;0;0;-1;-1;0
1507;2017;1;0;2;2;37;1;3;40;20333;13000
1507;2017;2;0;2;2;37;1;3;35;30333;8900
1507;2017;3;0;2;1;17;0;0;-1;-1;0
1508;2017;1;1;2;1;59;1;2;40;40111;26000
1508;2017;2;1;2;1;59;0;2;-1;-1;0
886;2017;1;0;2;1;40;1;3;50;72312;20000
886;2017;2;0;2;2;34;1;3;24;55314;6600
886;2017;3;0;2;2;11;0;0;-1;-1;0
886;2017;4;0;2;1;7;0;0;-1;-1;0
1509;2017;1;0;2;1;58;1;2;70;34123;14000
1509;2017;2;0;2;2;58;1;3;30;20313;10000
1509;2017;3;0;2;2;24;0;3;-1;-1;0
1509;2017;4;0;2;2;5;0;0;-1;-1;0
1510;2017;1;0;2;1;83;0;0;-1;-1;0
1511;2017;1;1;2;2;25;1;3;45;20333;23100
1511;2017;2;1;2;1;26;1;3;45;20331;16000
155;2017;1;0;2;1;80;0;0;-1;-1;0
155;2017;2;0;2;1;72;1;3;27;20333;10000
323;2017;2;1;2;1;69;0;0;-1;-1;0
1512;2017;1;1;2;1;90;0;0;-1;-1;0
1513;2017;1;1;2;2;32;1;3;16;41331;6000
1513;2017;2;0;2;1;3;0;0;-1;-1;0
1514;2017;1;1;2;2;42;1;3;55;92202;30000
1514;2017;2;1;2;2;35;1;3;30;46331;30000
1514;2017;3;0;2;2;13;0;0;-1;-1;0
1514;2017;4;0;2;2;4;0;0;-1;-1;0
1515;2017;1;1;2;2;88;0;0;-1;-1;0
859;2017;1;0;2;2;52;0;3;-1;-1;0
1516;2017;1;0;2;2;65;0;0;-1;-1;0
1517;2017;1;1;2;2;65;0;0;-1;-1;0
1518;2017;1;0;2;2;62;1;3;45;20333;23000
1518;2017;2;1;2;1;30;1;3;45;10333;22000
943;2017;1;0;2;1;27;1;3;45;42339;15000
943;2017;2;1;2;2;28;1;3;32;53313;12000
1520;2017;1;0;2;2;34;1;3;52;7001;40000
1520;2017;2;1;2;2;33;1;3;30;41313;10000
1521;2017;1;0;2;1;50;1;3;40;90312;16000
1521;2017;2;0;2;2;50;0;0;-1;-1;0
1521;2017;3;0;2;1;23;1;3;30;82332;11000
1521;2017;4;0;2;1;18;0;0;-1;-1;0
1521;2017;5;0;2;1;16;0;0;-1;-1;0
719;2017;1;0;2;2;72;0;0;-1;-1;0
1522;2017;1;0;2;1;54;0;0;-1;-1;0
1522;2017;2;0;2;1;54;1;3;40;55314;12000
1522;2017;3;0;2;2;22;1;3;30;10333;10000
1522;2017;4;0;2;1;77;0;0;-1;-1;0
1523;2017;1;1;2;1;23;1;3;0;58332;20000
1523;2017;2;1;2;1;31;1;3;40;10333;23000
1523;2017;3;0;2;2;1;0;0;-1;-1;0
1524;2017;1;0;2;1;68;0;0;-1;-1;0
1524;2017;2;0;2;1;69;0;0;-1;-1;0
1524;2017;3;0;2;2;40;1;3;45;10333;-1
860;2017;1;0;2;1;74;1;3;40;53314;5800
860;2017;2;1;2;1;70;0;0;-1;-1;0
860;2017;3;0;2;2;24;1;3;100;48313;9500
1525;2017;1;0;2;2;32;1;3;40;35333;12000
1525;2017;2;0;2;2;31;1;3;40;53313;10000
1525;2017;3;0;2;2;8;0;0;-1;-1;0
1525;2017;4;0;2;1;1;0;0;-1;-1;0
1525;2017;5;0;2;2;19;1;3;12;57314;3000
1526;2017;1;0;2;2;82;0;0;-1;-1;0
1527;2017;1;0;2;2;75;1;2;36;30113;7000
1527;2017;2;0;2;2;77;1;3;12;32314;3000
1528;2017;1;1;2;2;26;1;3;45;10333;16500
1529;2017;1;0;2;1;29;0;3;-1;-1;0
1529;2017;2;1;2;2;30;1;3;40;10333;12000
1530;2017;1;1;2;2;46;1;3;40;10333;60000
1530;2017;2;0;2;1;13;0;0;-1;-1;0
1530;2017;3;0;2;2;7;0;0;-1;-1;0
579;2017;1;1;2;2;52;1;3;40;41201;34000
579;2017;2;1;2;2;51;1;3;40;10333;20000
579;2017;3;0;2;1;22;1;3;30;10333;15000
579;2017;4;0;2;1;20;0;0;-1;-1;0
485;2017;1;1;2;1;84;0;0;-1;-1;0
485;2017;2;1;2;2;54;0;0;-1;-1;0
464;2017;1;1;2;1;66;1;3;8;40313;0
897;2017;1;0;2;1;44;1;3;98;34323;9000
897;2017;2;0;2;1;41;1;3;50;35313;4500
897;2017;3;0;2;1;19;1;3;45;35313;4500
897;2017;4;0;2;1;18;0;0;-1;-1;0
897;2017;5;0;2;1;18;0;0;-1;-1;0
897;2017;6;0;2;2;17;0;0;-1;-1;0
897;2017;7;0;2;1;15;0;0;-1;-1;0
897;2017;8;0;2;2;20;0;0;-1;-1;0
1531;2017;1;0;2;2;31;1;3;40;72313;13000
1531;2017;2;0;2;1;30;0;3;-1;-1;0
1531;2017;3;0;2;1;1;0;0;-1;-1;0
1532;2017;1;0;2;2;47;1;3;40;56314;-1
1532;2017;2;0;2;1;75;0;0;-1;-1;0
150;2017;1;1;2;2;84;1;1;50;5001;40000
369;2017;1;1;2;1;47;1;3;40;6001;100000
369;2017;2;1;2;2;41;1;3;30;10333;10000
369;2017;3;0;2;2;3;0;0;-1;-1;0
1534;2017;1;1;2;1;54;1;3;40;10333;-1
1534;2017;2;1;2;1;58;1;2;24;43131;-1
